"relative_path","bytes","sha256"
".gitattributes","92","94F6934FCA0AC2F35A503A3BD96818D03E80F2C9F51309C5138530FBFCF26DDF"
".zenodo.json","2235","0BE407715A946ECC70EF153AF7E53B7A396E09177534397F2364B36ADD933636"
"CITATION.cff","1068","C8B826A6A3B13B94D6B3C331EDC2FD04229CD5727B4EFD59CCC1E79B30D34F80"
"environment.json","1404","83127E5B4F0327C65D15C573A85D2F39E2A13223B7844009AB9F74D6FB632079"
"evidence/paper1_svars_48_slot_source_audit.csv","7885","56E4C8F7321AFCC72C021D654FDB35F1DB86E7E2226496D40981D7B845864128"
"evidence/wp09_six_block_fd_results_run1.csv","151673","AFEC0F03C26597CD6AAF43237E9861103F1E5413309628649A9183ED94AE5B0F"
"evidence/wp10_i1_fd_results_run1.csv","133365","973EE15C7CBFC373D77F8BCE5E8765C8AECDE06BEBFD34FA31AE58204C2710A6"
"evidence/wp10_i2_fd_results_run1.csv","538403","637C06C9649E02BA6FC066F5B213A0D5524F607C84FE85CC22347072FDA3EBE6"
"evidence/wp10_i3_fd_results_run1.csv","1338017","4B7EB73F6DD069307595077E30CB2420905D62CA755785FFA9144A6352A4E36E"
"evidence/wp10_i3_kss_term_audit.csv","16893","23C92F2767C998C46D77A39F4EDCF61F2A20E18AC90148C2B5EA13AFF082F9AF"
"evidence/wp10_i4_kpp_physical_fd_run1.csv","97819","0506A5B6DFC9141821ACDC0378C77788E08A85CBD03C7E4A241545F4200C7FF0"
"evidence/wp10_i4_kpp_raw_fd_run1.csv","99963","6D29EE97892783FA53A609084375FF7970AED60654D771E6DCE8E1CEC2A10A0F"
"evidence/wp10_i4_ksp_fd_run1.csv","151372","CE2D9CB7AF6CB03F65C5C04463241FB72F9184E78E956493F9442A3D58F9AEC8"
"evidence/wp10_i4_ksp_nullspace_scaling.csv","207486","279BD500B71932577DC45C8A9F9B1D6E6901C9E050611F35DCCA6A3FE0160A66"
"evidence/wp10_i5_full_matrix_fd_run1.csv","121500","7F51366541A9B2A964F400349A63C6240583B0FAC452DEF8091C92A94DDC512C"
"evidence/wp10_i5_full_matrix_fd_run2.csv","121500","613435F49DB345E1AB07F858D1637D3E938B3429B92A376FA3F60C455F2B1F38"
"evidence/wp10_i5_nine_block_fd_run1.csv","1715853","6744C1E1271A22E2CBC3BC0B87AD01EED0E8D5415016BF8D69A6A327C0101C88"
"evidence/wp10_i5b_final_classification.csv","860","D1657FB3C38660B21C9A1402A224B450735A4C88514E177606ECE2F98E61F84C"
"evidence/wp10_i5b_high_precision_fd.csv","19969","D65C60FE6119E8BFF92926B6559B74EEAA92266BA962EBC0574337D46882A0DE"
"evidence/wp10_i5b_oracle_component_results.csv","15001","0554D9860928393859B3FABAAF63E69AF5175A8374A89F71924A96A11B42218A"
"evidence/wp10_i5b_oracle_directional_run1.csv","733","0D3960C040169C4952CF10DEA892868C5E43B35071B97BA6A20B4654391CB315"
"evidence/wp10_i6_newton_order.csv","1065","DFC11C5798DBB1D0F42293D6764AA230F6B9DCDA71A562E0C8F6CAF31223BD32"
"evidence/wp10_i6_patch_results_run1.csv","3129","75BCB785D781D7F8F0922C84CD641C5053DC6E73EB4F1F17F1F1650D74DAE492"
"evidence/wp10_i6_rollback_replay_run1.csv","1336","C75CFD91812FAC59A3FD91C1485A6D98453BAC7636DE5C3A6B60B3F5119268A6"
"evidence/wp10_i6a_binary128_order.csv","4202","3DBB7F632262259954BDE638835F45BC6F12D2E231D9DC8B659B5FACCD95C49F"
"evidence/wp10_i6a_recomputed_order.csv","1502","3A3AF710EF8DD5816877E5F85AB05BEF677136A4DE92857F632616ADE46A729F"
"evidence/wp10_i6a_roundoff_model.csv","1923","1E2C743A1F3DA903B02B2E763397EA4037C83DCEDBD55124BF596472CE954486"
"evidence/wp10_i6b_local_order_slopes.csv","1561","A344488F0B944B3BC3EC353C12B16EB5BC4806258552F703F0062850D1724E5F"
"evidence/wp10_i6b_one_step_map_binary128_run1.csv","17235","0F2FE2633B9915D88FC7BCD14A4E0D183C3DADD70C13EA4F668A9FB0D65D0DE8"
"evidence/wp10_i6c_r1_basin_entry_radius.csv","4170","4AC0F298B0394FAF9C5FCFB685DEEE089601024B53CF50AA6F2C3A9F4A8B96ED"
"evidence/wp10_i6d_one_step_decomposition.csv","292386","F6836E6F2198F5710405F62EFFE7CDFF541350DFCCB97DBE88AB8DC3F13A6C1F"
"evidence/wp10_i6d_subspace_audit.csv","2853","78C01FAAF063824B44B7FBBBD32840A60DBF0722852C01C6262903C609E7ED15"
"EXPECTED_FIGURE_HASHES.csv","7596","5E032168125473CEBE6141DAC7EBD1A7E6247163574E57FC70609C007C29D2E6"
"generated/figures/Figure_1_rollback_transaction.pdf","63541","EB8E9BEACE528B70C644FA098AF1D4C5E29D65D6CA19E709CDF9EBA2F9F81A3A"
"generated/figures/Figure_1_rollback_transaction.png","382634","B98E68D7C1C4E08C0EF699D5AE80078DE2D70807996FDFE442A8D6D9CC8E5108"
"generated/figures/Figure_1_rollback_transaction.svg","20112","5059F9CED7A5889985255525D1FB0F309EAD3E6746309FEA4E3284AEC53E3FD4"
"generated/figures/Figure_2_traceability.pdf","65767","A9117BAE55CAB285264C3609295FD0D6D27190C5580E95CF965D30E307589BF8"
"generated/figures/Figure_2_traceability.png","343652","6D08F9FAFBB166FDCAE7D9498C625CE09065D11CF9968A50BBB55B2EE233337E"
"generated/figures/Figure_2_traceability.svg","17181","2DC70CF026F6AAAD77C8CFB9AAFD068AC1FE917B8BAF2442B92C84A0229904EA"
"generated/figures/Figure_3_block_corrections.pdf","55514","C26096F7FBC0299FD132EBBA8E16B050C1840686E83AE83B7867580F89AE6B40"
"generated/figures/Figure_3_block_corrections.png","580109","7F61F60B4DDD59E621B1EABF0B3A89895C9D07E5F130C22E62AFDB1EC19ABD72"
"generated/figures/Figure_3_block_corrections.svg","74361","F4D6600403DBC59B610376A5C6444AF6D48CB78584067A9242D352164510C5CB"
"generated/figures/Figure_4_jphys_active_set.pdf","79316","678AFAB3CC2F9AD0D45384A1F8ECCE4FD733357821F1942B8D4DE9DA2B20E24C"
"generated/figures/Figure_4_jphys_active_set.png","475723","EEE76B14DEF72A9CFD4DFB7FABEE9DE516CEC9BF68EC7C313EA230314F26B640"
"generated/figures/Figure_4_jphys_active_set.svg","52401","D1A7D25E3922B93370442DC52D398D356D40A636822802BBF4353DA6971B8F6A"
"generated/figures/Figure_5_patch_newton_limits.pdf","70052","96A0429D354C9BF8E9F102D6EE1FD90A6438C645F5857D828EC6040475772CF4"
"generated/figures/Figure_5_patch_newton_limits.png","597643","850F198857E91CD0A1F5B3FD4029458F1A90B219523C28F96362EE13164D0232"
"generated/figures/Figure_5_patch_newton_limits.svg","75175","E3A91847E1015DDFC272E5FCB367C67E7C34721EFB508A98581543546F1A6593"
"generated/figures/Figure_6_basin_subspace.pdf","82711","F7FD2396364B5178E68200089883B5D1B6A299BE7948559A6F3336526F82A0DD"
"generated/figures/Figure_6_basin_subspace.png","510132","3BA28BF6B4259662C4FEF07BF635D5B48E25BF6008B9CC4545CD6943BD64F7C6"
"generated/figures/Figure_6_basin_subspace.svg","71088","71C832CAF4438C2FB14E47BF31505D61B002C3651617B57AF3050B932D722263"
"generated/qa/figure_build_qa.json","3437","04FA1CE155E940A19D7E8C7DE6CD012BD3C6AA45F1BBFA83E7992D72AE96C360"
"generated/qa/figure_legend_overlap_audit.csv","324","5412B1A438EAB82EC7DA8F719AFDC876A9F8C9C768EEFF8A07E23A3D32F4C65B"
"generated/qa/figure_source_manifest.csv","2151","182A6BB381BB58CA9A409B8F7FD2B57B7216D6D907C33FDB93AA0FBCEBD3149B"
"generated/qa/figure_text_size_audit.csv","24413","46D18766A3BF2F8767F24DA8FCDA187043C245B78EB032D1EDF8082ED6194585"
"generated/qa/figure_tick_label_layout_audit.csv","794","E01CE6694D1130AF409046BA7FC3BA0C10DD73A718B30833BC25850ECFC7FC83"
"generated/qa/supplementary_figure_build_qa_v0.8.json","6731","B5F97DE38B365B8A5CAD99816E59279726A9061F9EEBDA71B8CE69C2187B777E"
"generated/qa/supplementary_figure_legend_overlap_audit_v0.8.2.csv","338","9BE3BFEF2EEB72CCD42246EA6DEC35780CBD931073BC3D050D84190DCB94A22D"
"generated/qa/supplementary_figure_source_manifest_v0.8.csv","2847","D5B8A75EF8C0113CFF69ABB69D8AC2F69388DACEE5D1AB1B7346D0CB552FFE24"
"generated/qa/supplementary_figure_text_size_audit_v0.8.2.csv","48490","9170DDB46A45F4AE2630BD1274382724F73A0453AF4D242ED78347A24042B750"
"generated/qa/supplementary_figure_tick_label_layout_audit_v0.8.2.csv","1598","0A731905D8AC02824A89AB478C7BE0667EE1841FB4382385708260921F23F1F1"
"generated/supplementary_figures/Figure_S1_M1_six_block_baseline.pdf","53775","C9AA600A01F4C155F1AEFC9A7AB7905EA5FB052A66FB1BE0B0CA996016D5B828"
"generated/supplementary_figures/Figure_S1_M1_six_block_baseline.png","549825","3043389654D1C0BC9C3A9F62BD91E377CEE750B51B3372A2F78A5B70E75C28DF"
"generated/supplementary_figures/Figure_S1_M1_six_block_baseline.svg","107120","0CBA5DAB43395340FBC393C2C2CD39100DD621C2D0F51260554E8DE523131EC7"
"generated/supplementary_figures/Figure_S10_frozen_one_step_map.pdf","47424","C2E44507D22DA2C5A53A41BAB5C1E17071BFDD9C73A89F4039B2B03BF5EE10CC"
"generated/supplementary_figures/Figure_S10_frozen_one_step_map.png","262959","AAA3557783D8B51978E955AADAE0518DCD16BD28057D097373665D10F9201A6A"
"generated/supplementary_figures/Figure_S10_frozen_one_step_map.svg","27307","E0EACE880152EBBCACBA190FEC98BEC09BF758A801C2ED8FC0D9AA80E966987E"
"generated/supplementary_figures/Figure_S11_corrected_local_basin.pdf","63621","2BD4FB1B594345BE4FA1508A425D6D2936DD3BEFFEF889EA3D5A64E6AF8D8DA2"
"generated/supplementary_figures/Figure_S11_corrected_local_basin.png","209145","CDD5A2A5170FE3FD5DE2D7BE6CE220898F3D2645441ACED1BB8A58E85217C8AC"
"generated/supplementary_figures/Figure_S11_corrected_local_basin.svg","23319","C79B24D2DFC26014E8B5511FA1AA0541951884477424CFABC8AEEA395A4A7A2C"
"generated/supplementary_figures/Figure_S12_field_subspace_audit.pdf","52261","0E08713030D32A439E8F761086083EA28BFF4475E9D0F1EFFB6F1D8125443AC7"
"generated/supplementary_figures/Figure_S12_field_subspace_audit.png","326368","3026F56235918E4AE69A81D1C6EAA46488F19481B0036C3DD2C62EDDBC4AFDA3"
"generated/supplementary_figures/Figure_S12_field_subspace_audit.svg","51940","5E17C9B3302917EB1CCA1DEE5F81F80396E14BBF8AE81E14A5C40C0E2EA03BC7"
"generated/supplementary_figures/Figure_S2_KPU_KSU_corrections.pdf","46084","D4FC5006D57195CC14F33A93DB9E85FE95BB16DF8756A9756F8BD09C5FAEA68A"
"generated/supplementary_figures/Figure_S2_KPU_KSU_corrections.png","281300","A5641FEC940C04CFA094E232E2098BCABF30A919E14DC6CC56E6195376F9EC5C"
"generated/supplementary_figures/Figure_S2_KPU_KSU_corrections.svg","36564","054355ADB45B11420B18A7DA0DBF2D2BEBA6127917FCE9AF89899D4B714264EE"
"generated/supplementary_figures/Figure_S3_mechanics_row_corrections.pdf","48329","8E8DFF61004268A1A37401E0DEB9B1152A4A134690A39A65E8007FD7BBCF22CE"
"generated/supplementary_figures/Figure_S3_mechanics_row_corrections.png","373993","8C623B775B00DFD8AD8B3EE4A1C4EC35AFCF185BDB725BFF80AF1362E609A4FE"
"generated/supplementary_figures/Figure_S3_mechanics_row_corrections.svg","61551","8C7C095C95812F1E37CC0B9D7AA45DBD79CA54D10D8C23DFB6B834D1E30318A5"
"generated/supplementary_figures/Figure_S4_KSS_branch_and_terms.pdf","62808","EB0A8CDEEAAC8B00C43EA88BB6F3E0959C26679BFF449FEE44AD9ACDC6DCAEB8"
"generated/supplementary_figures/Figure_S4_KSS_branch_and_terms.png","569086","26CBF9246C7F40020320F43A720C066F2335F0683B6566A05BE99C5A2F895165"
"generated/supplementary_figures/Figure_S4_KSS_branch_and_terms.svg","42788","8AB6CC186536CB63F953FC546E550CEFB54748C290BB7B6858ADC50AD4E3037C"
"generated/supplementary_figures/Figure_S5_KPP_KSP_separation.pdf","58357","B235A0559F8C1A9E53D73545B65B5AA636FFEDE7FFE132947D35AF9DEB7048BE"
"generated/supplementary_figures/Figure_S5_KPP_KSP_separation.png","466549","FD6F9F16FA2E661814DDE72348B4EC2523B036C8813C4065EE6779FA8C6EFDE9"
"generated/supplementary_figures/Figure_S5_KPP_KSP_separation.svg","140418","89A381675047037A32271F2577A60A2971E0250854E8D3A2F8B02C3A44E7BA65"
"generated/supplementary_figures/Figure_S6_full_matrix_39_series.pdf","64559","C96104FAA4C67DF29BC7C8F271B44B7AD878ECB1B746CEC4E952C7E706F0192A"
"generated/supplementary_figures/Figure_S6_full_matrix_39_series.png","590220","6736F32E4ADF8F0FE04DFB442154A35D739A9CF8864AD59D1EEB2BA6A7403F77"
"generated/supplementary_figures/Figure_S6_full_matrix_39_series.svg","82897","2CE9A4A8058AD26DA06DB3BD45B266F6A006F36C3CC1E35347BD0E307EEB0CC9"
"generated/supplementary_figures/Figure_S7_active_set_component_closure.pdf","51561","3982677084BEE480D496A635EE3B238E776CFD6A8EDC952B64CDECD61B9E7B9D"
"generated/supplementary_figures/Figure_S7_active_set_component_closure.png","231764","25597CA0A68E70646A31158EF7EE8DC343B9B4E686F43557E6B8B44A00B5008C"
"generated/supplementary_figures/Figure_S7_active_set_component_closure.svg","38499","E7C60C5B17CAB931CAF57C1710FF5ABEA351E6E4FE13B0AB782CC9CFFEC6D32E"
"generated/supplementary_figures/Figure_S8_patch_and_replay.pdf","57183","F322104AD369D6B8776C1DD75D174BF3AC5621221B734E82658B5130FEC5F82C"
"generated/supplementary_figures/Figure_S8_patch_and_replay.png","279492","6735705A70A912231BABE929194DF3BF582D7FFD10206377904A242C1EB69209"
"generated/supplementary_figures/Figure_S8_patch_and_replay.svg","29360","6AE6FBEEC02C267F59F1A5A367F1CC3E7A78CEC7EBE9AC362968EFF74E7D9E46"
"generated/supplementary_figures/Figure_S9_precision_and_order_audit.pdf","54714","34781E735BD91EB4CED762DC912BC1B60E3F60FE43CC553CDF07C2E11DB4E26D"
"generated/supplementary_figures/Figure_S9_precision_and_order_audit.png","359683","45CCB5D6BC37FD45BDB968196CDE0374FBCAA3F1E2E9006C0DDBCB08DAF36CE9"
"generated/supplementary_figures/Figure_S9_precision_and_order_audit.svg","31666","28791209760B2948F4B090867967D66AB0C373496F74C22282CCBE58DBFB537F"
"host_evidence/WP08/EVIDENCE_BOUNDARY.md","882","2B871BA87E90AADC4BBB1CC1470C44725152FDF2E8B226FA256A672AA1CF5BC7"
"host_evidence/WP08/inputs/wp08_patch_clean.inp","915","AB89B1A09E4778097A833C863A46649F5776AA59A9684EF1ABC4790CC751AC3D"
"host_evidence/WP08/inputs/wp08_patch_clean_no_output.inp","755","42AB4F7777AFD598177C86B6A7EC000B45E33C256F01B22B548F171F066609DB"
"host_evidence/WP08/inputs/wp08_patch_cutback.inp","763","1F799D5ED9DF5E785F63230DB560E48C098DF8BFB37E62697A643BB947FBB880"
"host_evidence/WP08/inputs/wp08_patch_model.inc","641","B02EC14E9CCC02DDAE15B3787D615608DCECF60B7D88F706A6015372429C0E3F"
"host_evidence/WP08/inputs/wp08_patch_restart_cont.inp","378","19D4B4B7664637FE21611C2ADFBBBF779BE01E98CC32D9F72B4E2A07A8E2C0CB"
"host_evidence/WP08/inputs/wp08_patch_restart_seed.inp","586","86D0EE45ECB1D0C51FBCF528CF230091333C59F36D5BB8A3B7D2AB22E455B446"
"host_evidence/WP08/logs/wp08_harness_build.log","1159","FF6C4E32F37381CCB2EB08F8B0F147C1BA0A4B2F5A7EDAADE19B08196121E631"
"host_evidence/WP08/logs/wp08_harness_run1.log","772","C3D32CC088ADDE2C3973AD065F8447BCD352F6F1819221DFA44A42BE8A00BF92"
"host_evidence/WP08/logs/wp08_harness_run2.log","772","C3D32CC088ADDE2C3973AD065F8447BCD352F6F1819221DFA44A42BE8A00BF92"
"host_evidence/WP08/outputs/wp08_harness_run1.csv","832","0B2DD2857B035732FFBF9A5D1C18B1AE863F13E0A629AB55FDDEC3732BA52323"
"host_evidence/WP08/outputs/wp08_harness_run2.csv","832","0B2DD2857B035732FFBF9A5D1C18B1AE863F13E0A629AB55FDDEC3732BA52323"
"host_evidence/WP08/outputs/wp08_harness_summary.json","486","EA59967BC58E279F44B612E1CC0BE6BFF1466938AECB63BBFDA5B4CE68BDE987"
"host_evidence/WP08/README.md","2994","145F291A0A121F497923BD569635E34AE28B2B32E04B6DD85BB0F4D84D86027B"
"host_evidence/WP08/src/wp08_lifecycle_harness.f90","11261","2873FE4FFDF4A9EE60F753BBF549D38D70F460C0310745AD359B39A3354C4247"
"host_evidence/WP08/WP08_DYNAMIC_LIFECYCLE_REPORT_20260722.md","7552","3E8EB78346778835EEF2154871AA4582D67E0AC0E20FEBB9D347F8C81219E00D"
"inputs/wp10_i5_branches_run1.csv","10437","F23B787088306C6BA765822A38CAA7F77C353210E04F8C038815B7F74DFC6881"
"inputs/wp10_i5_mixed_directions_run1.csv","4137","35038E483D7A05DF9FC49F696F732800B8D399C97CE808FCD7478201A7029579"
"inputs/wp10_i5_states_run1.csv","178600","3610CE0DCE34B4B894844B1B17F3A97D7F7D893B77112CCE21059DFD32F42E37"
"inputs/wp10_i6_frozen_mixed_directions.csv","4137","35038E483D7A05DF9FC49F696F732800B8D399C97CE808FCD7478201A7029579"
"inputs/wp10_i6_frozen_states.csv","178600","3610CE0DCE34B4B894844B1B17F3A97D7F7D893B77112CCE21059DFD32F42E37"
"inputs/wp10_i6_newton_benchmark_manifest.csv","270","E6EDF0B5A65106E06CFA4D0A28CD8D4AFFD805394BA05F58706E69E1EC76EBD5"
"LICENSE","1109","C3CE5AD482EBA06C04B4EF23A118F6E381AE6277C77A6A8E8F34F503DF999DED"
"LICENSE-DATA","398","6921965035C6A65940D993CE4AE3C1144635688AA2F7F954B32AA3EAC62180DD"
"manuscript/elsarticle.cls","45320","01ADDB492C5D075B320636AC3A30D8A5762FA937220DEA07A5E107042D25384D"
"manuscript/elsarticle-harv.bst","30002","F1F4E7503B7E9E225B0B4C7BE370A82A34F4F9B0B7FE99C32BB5C7AA91B8DA34"
"manuscript/figures/Figure_1_rollback_transaction.pdf","63381","AD4A6A1C90CCA418510C178089F2E943FFBE3937074A5DE6609FDB3613C4D11C"
"manuscript/figures/Figure_2_traceability.pdf","65751","819414E5068D17D0194F03BBCCE418A658A9A38B83AD730168E49025B1DE8B0C"
"manuscript/figures/Figure_3_block_corrections.pdf","55488","6EC7C0F785E990CF166C999118A789C2E755AAA6676A5A1691024331446FABA1"
"manuscript/figures/Figure_4_jphys_active_set.pdf","79323","E7F0EE7A436007A8D7C06844431E653ACB167C5BAE9D77CB152267F5831539EA"
"manuscript/figures/Figure_5_patch_newton_limits.pdf","70056","E9352D08E4A592779754ABBA66A9AC65BFBF4BCD6E9A7574E709A940DED219B1"
"manuscript/figures/Figure_6_basin_subspace.pdf","71204","C42A247716BDDE09B74984833506D2F9880CD35588FB0C1809D0302C2954007C"
"manuscript/paper1_competing_interests_v0.2.md","208","131A6F688D8DB9E5398FE7300300EE66EBF7B89863BC0791B9FEFEBAD586D7DB"
"manuscript/paper1_CRediT_v0.3.md","706","8D5DC9AE2F50F1B3C000E3FF5FA3BCE001724A3DACE144AF577706A23DF5A110"
"manuscript/paper1_data_and_code_availability_v0.4.md","1233","1A3499D8EADF3C56BB2F8D99F86FB7C8D130D0CBFBDA9D8CB657A0FC352BF642"
"manuscript/paper1_generative_ai_disclosure_v0.2.md","647","FB29CCBAADD3CDD1BDB60AAD2076C6F8709E8BE911697CD8113708BF36A26CB1"
"manuscript/paper1_highlights_v0.4.txt","277","F68D9A5907C62D30C7AE7F1C942A44BF5076C112B4A3914874DEBDB9B39C4912"
"manuscript/paper1_references_v0.8.2.bib","15623","49F28FC270E8B97C47883CE71F48E14347A350216D2B666904636D4D7857D017"
"manuscript/paper1_submission_candidate_v0.8.2.pdf","924987","03D2139EC7E9CDBA5137C4976F3C2CC459DD090EBAAF8648D1851B2003D094EA"
"manuscript/paper1_submission_candidate_v0.8.2.tex","70411","9C116BFCD4BA42611F192B4F4591A7FDE0EAAF02D932BB904AE043D067CF32F5"
"manuscript/paper1_supplementary_information_v0.8.2.pdf","1086577","8A07BAE4448361ACC5BE7F83DAA8C8EB7D4F8EFB9CB831DCA0A946E3FB6AECCC"
"manuscript/paper1_supplementary_information_v0.8.2.tex","27634","F9298A0477919E75C46772CB4F7215697C907DF025F216B7970B5B361C8B16C9"
"manuscript/paper1_title_page_v0.4.md","1187","0E56A635AE72626BEE0FB4781325E5F86D5E21CCC5585B74A6699B0D8F8830E5"
"manuscript/supplementary_figures/Figure_S1_M1_six_block_baseline.pdf","53769","6A33E370F60E6E89AD954141EB88BE7430F58E970BA948B514224A2856F74675"
"manuscript/supplementary_figures/Figure_S10_frozen_one_step_map.pdf","47442","A56D46F7E33C9E422E64094E890CC83525CC66CED4A60A40CFDA0FC0C202A439"
"manuscript/supplementary_figures/Figure_S11_corrected_local_basin.pdf","53379","5B94E5BC69FDC2ADF62D03690E44881FEA5DA0F878287F3755F87AF8F958CD0A"
"manuscript/supplementary_figures/Figure_S12_field_subspace_audit.pdf","52199","12BABFA1A9810D9EE16CD390B8488966914ADBB2A613130C8582A70BFE3DE800"
"manuscript/supplementary_figures/Figure_S2_KPU_KSU_corrections.pdf","46073","4032ABA4703D601AA4E3E2B77717800980A161E44A290868CE16F0EF0001697B"
"manuscript/supplementary_figures/Figure_S3_mechanics_row_corrections.pdf","48302","C360022BD8456D0748413B4492A5F4954497644AC2E575CD43D403EC66CAE1B2"
"manuscript/supplementary_figures/Figure_S4_KSS_branch_and_terms.pdf","62822","58A9C543D428A0A8CE70A25B6E62AE7E3E8226AEB3A57D28F8B4B7A8E402E449"
"manuscript/supplementary_figures/Figure_S5_KPP_KSP_separation.pdf","58346","7FBA84D0F1D0AB07603FE762AF3147D64923909D0C8E8EFFBAE8C6AFB9AB54FA"
"manuscript/supplementary_figures/Figure_S6_full_matrix_39_series.pdf","64601","D8847330DE9FA95EDD8B3EE95DC080B30FE48B8C148B27B13B251E480B00CCBB"
"manuscript/supplementary_figures/Figure_S7_active_set_component_closure.pdf","51577","158435787BD3C043BC324A5A3CFD918B55C25298A20BA5557B522F9905E40D47"
"manuscript/supplementary_figures/Figure_S8_patch_and_replay.pdf","55989","686533E4942B1A119B3E599A51485B4E6E24E58D5B30208902F63553A5B85274"
"manuscript/supplementary_figures/Figure_S9_precision_and_order_audit.pdf","54722","7C7AE97768F407D0EA0EDC6A8A70FE26BEDA116213DF85313F95BABCD931F6FA"
"preregistration/WP10_I4_PRE_REGISTRATION_20260723.md","11927","DBE3C7CA710FDC91F11ADF264F848BA49336F88C8A4E1EC5540C8B38B086083F"
"preregistration/WP10_I5_PRE_REGISTRATION_20260723.md","8204","56A2AB0DDF21F88A0253341E64DDDD53E84F3FA89079DD23CFA86550B8F72515"
"preregistration/WP10_I5b_PRE_REGISTRATION_20260723.md","9862","5557D0EA1CECC5EEC12558D72722991E9C84D1994A4B35C3AD2FD053D752DD8E"
"preregistration/WP10_I6_PRE_REGISTRATION_20260723.md","6729","679218B701BF143739D16A1BAB115196A9CD408ACB479EC0B399F92426123BB6"
"README.md","3032","76F61A2CBA48D94051EDFA6480F72E81ADE1B78EF94C0C456EDCE0E8C709ACE3"
"requirements-figures.txt","32","7DF50A61F45B7C7940725C9CCAE3763991B462ED6A085D286AED234A00C78EDF"
"scripts/build_publication_figures_v082.py","30105","D9DD9B0997F91B3EE438C06DF5F73C0B122A358438CF3B505FB60C7E7743A8F6"
"scripts/build_supplementary_figures_v082.py","30159","786A16709E679D5893EEAA4FFA177FA230645EF3FD7EB75835175E0E486668CE"
"scripts/smoke_test_v082.py","1800","851924252E5F7840EB0692D7F2ADD7AFF521707F556C8D7F700FEB0073E23866"
"src/UEL_TWOPHASE_UPS_PAPER1_REVIEW.for","446958","DCD660846A5BB6498181B94F6F24D5B2D5294FD33D6B0D6C0914983E2B2A85CA"
"src/wp10_i5_integrated_fd_harness.F90","48741","4C5C11B486A4AEECDB1E8E22FEAB097CD19EDC1228AEA990994F2A20AC8BFA06"
