run_id,state_id,gp,branch_id,branch_label,se_raw,se_low_distance,se_high_distance,kabs,k_lower_distance,k_upper_distance,sn_use_branch,sn_branch_distance,sn_switch,pc2_branch,pc_branch_distance,pc_switch
run1,I0,1,0,SMOOTH,.7329106836025231,.7329096836025231,.2670883163974769,.6000000000000000E-11,.5999999990000001E-11,.9994000000000000E-08,0,.1000000000000000E+100,0,0,.2007492499999999,0
run1,I0,2,0,SMOOTH,.7321408832436035,.7321398832436035,.2678581167563965,.6000000000000000E-11,.5999999990000001E-11,.9994000000000000E-08,0,.1000000000000000E+100,0,0,.2007492499999999,0
run1,I0,3,0,SMOOTH,.7317559830641439,.7317549830641439,.2682430169358561,.6000000000000000E-11,.5999999990000001E-11,.9994000000000000E-08,0,.1000000000000000E+100,0,0,.2007492499999999,0
run1,I0,4,0,SMOOTH,.7325257834230632,.7325247834230632,.2674732165769368,.6000000000000000E-11,.5999999990000001E-11,.9994000000000000E-08,0,.1000000000000000E+100,0,0,.2007492499999999,0
run1,I1,1,0,SMOOTH,.6652578342306322,.6652568342306322,.3347411657693677,.6000000000000000E-11,.5999999990000001E-11,.9994000000000000E-08,0,.1000000000000000E+100,0,0,.2524992500000000,0
run1,I1,2,0,SMOOTH,.6614088324360344,.6614078324360344,.3385901675639655,.6000000000000000E-11,.5999999990000001E-11,.9994000000000000E-08,0,.1000000000000000E+100,0,0,.2524992500000000,0
run1,I1,3,0,SMOOTH,.6614088324360344,.6614078324360344,.3385901675639655,.6000000000000000E-11,.5999999990000001E-11,.9994000000000000E-08,0,.1000000000000000E+100,0,0,.2524992500000000,0
run1,I1,4,0,SMOOTH,.6652578342306322,.6652568342306322,.3347411657693677,.6000000000000000E-11,.5999999990000001E-11,.9994000000000000E-08,0,.1000000000000000E+100,0,0,.2524992500000000,0
run1,I2,1,0,SMOOTH,.6882506953802269,.6882496953802268,.3117483046197731,.6295508183181782E-11,.6295508173181782E-11,.9993704491816818E-08,0,.1000000000000000E+100,0,0,.2799992500000000,0
run1,I2,2,0,SMOOTH,.5958746523098866,.5958736523098865,.4041243476901134,.6295508183181782E-11,.6295508173181782E-11,.9993704491816818E-08,0,.1000000000000000E+100,0,0,.2799992500000000,0
run1,I2,3,0,SMOOTH,.5650826379531065,.5650816379531065,.4349163620468934,.6295508183181782E-11,.6295508173181782E-11,.9993704491816818E-08,0,.1000000000000000E+100,0,0,.2799992500000000,0
run1,I2,4,0,SMOOTH,.6574586810234468,.6574576810234468,.3425403189765531,.6295508183181782E-11,.6295508173181782E-11,.9993704491816818E-08,0,.1000000000000000E+100,0,0,.2799992500000000,0
run1,LIMITER_OFF,1,0,SMOOTH,.6666666666666666,.6666656666666666,.3333323333333333,.6295508183181782E-11,.6295508173181782E-11,.9993704491816818E-08,0,.1000000000000000E+100,0,0,.2499992500000000,0
run1,LIMITER_OFF,2,0,SMOOTH,.6666666666666666,.6666656666666666,.3333323333333333,.6295508183181782E-11,.6295508173181782E-11,.9993704491816818E-08,0,.1000000000000000E+100,0,0,.2499992500000000,0
run1,LIMITER_OFF,3,0,SMOOTH,.6666666666666666,.6666656666666666,.3333323333333333,.6295508183181782E-11,.6295508173181782E-11,.9993704491816818E-08,0,.1000000000000000E+100,0,0,.2499992500000000,0
run1,LIMITER_OFF,4,0,SMOOTH,.6666666666666666,.6666656666666666,.3333323333333333,.6295508183181782E-11,.6295508173181782E-11,.9993704491816818E-08,0,.1000000000000000E+100,0,0,.2499992500000000,0
run1,LIMITER_INACT,1,0,SMOOTH,.7333333333333334,.7333323333333334,.2666656666666666,.6295508183181782E-11,.6295508173181782E-11,.9993704491816818E-08,1,.4500000000000000E-01,0,0,.1999992499999999,0
run1,LIMITER_INACT,2,0,SMOOTH,.7333333333333334,.7333323333333334,.2666656666666666,.6295508183181782E-11,.6295508173181782E-11,.9993704491816818E-08,1,.4500000000000000E-01,0,0,.1999992499999999,0
run1,LIMITER_INACT,3,0,SMOOTH,.7333333333333334,.7333323333333334,.2666656666666666,.6295508183181782E-11,.6295508173181782E-11,.9993704491816818E-08,1,.4500000000000000E-01,0,0,.1999992499999999,0
run1,LIMITER_INACT,4,0,SMOOTH,.7333333333333334,.7333323333333334,.2666656666666666,.6295508183181782E-11,.6295508173181782E-11,.9993704491816818E-08,1,.4500000000000000E-01,0,0,.1999992499999999,0
run1,RATIO_POS,1,0,SMOOTH,.6666666666666666,.6666656666666666,.3333323333333333,.6295508183181782E-11,.6295508173181782E-11,.9993704491816818E-08,2,.4999999999999998E-01,0,0,.2499992500000000,0
run1,RATIO_POS,2,0,SMOOTH,.6666666666666666,.6666656666666666,.3333323333333333,.6295508183181782E-11,.6295508173181782E-11,.9993704491816818E-08,2,.4999999999999998E-01,0,0,.2499992500000000,0
run1,RATIO_POS,3,0,SMOOTH,.6666666666666666,.6666656666666666,.3333323333333333,.6295508183181782E-11,.6295508173181782E-11,.9993704491816818E-08,2,.4999999999999998E-01,0,0,.2499992500000000,0
run1,RATIO_POS,4,0,SMOOTH,.6666666666666666,.6666656666666666,.3333323333333333,.6295508183181782E-11,.6295508173181782E-11,.9993704491816818E-08,2,.4999999999999998E-01,0,0,.2499992500000000,0
run1,RATIO_NEG,1,0,SMOOTH,.8000000000000002,.7999990000000001,.1999989999999998,.6295508183181782E-11,.6295508173181782E-11,.9993704491816818E-08,3,.4999999999999998E-01,0,0,.1499992499999999,0
run1,RATIO_NEG,2,0,SMOOTH,.8000000000000002,.7999990000000001,.1999989999999998,.6295508183181782E-11,.6295508173181782E-11,.9993704491816818E-08,3,.4999999999999998E-01,0,0,.1499992499999999,0
run1,RATIO_NEG,3,0,SMOOTH,.8000000000000002,.7999990000000001,.1999989999999998,.6295508183181782E-11,.6295508173181782E-11,.9993704491816818E-08,3,.4999999999999998E-01,0,0,.1499992499999999,0
run1,RATIO_NEG,4,0,SMOOTH,.8000000000000002,.7999990000000001,.1999989999999998,.6295508183181782E-11,.6295508173181782E-11,.9993704491816818E-08,3,.4999999999999998E-01,0,0,.1499992499999999,0
run1,BETA_MIN_POS,1,0,SMOOTH,.4000000000000000,.3999990000000000,.5999989999999999,.6295508183181782E-11,.6295508173181782E-11,.9993704491816818E-08,4,.3000000000000000,0,0,.2999992500000000,0
run1,BETA_MIN_POS,2,0,SMOOTH,.4000000000000000,.3999990000000000,.5999989999999999,.6295508183181782E-11,.6295508173181782E-11,.9993704491816818E-08,4,.3000000000000000,0,0,.2999992500000000,0
run1,BETA_MIN_POS,3,0,SMOOTH,.4000000000000000,.3999990000000000,.5999989999999999,.6295508183181782E-11,.6295508173181782E-11,.9993704491816818E-08,4,.3000000000000000,0,0,.2999992500000000,0
run1,BETA_MIN_POS,4,0,SMOOTH,.4000000000000000,.3999990000000000,.5999989999999999,.6295508183181782E-11,.6295508173181782E-11,.9993704491816818E-08,4,.3000000000000000,0,0,.2999992500000000,0
run1,BETA_MIN_NEG,1,0,SMOOTH,.6666666666666666,.6666656666666666,.3333323333333333,.6295508183181782E-11,.6295508173181782E-11,.9993704491816818E-08,5,.3000000000000000,0,0,.2499992500000000,0
run1,BETA_MIN_NEG,2,0,SMOOTH,.6666666666666666,.6666656666666666,.3333323333333333,.6295508183181782E-11,.6295508173181782E-11,.9993704491816818E-08,5,.3000000000000000,0,0,.2499992500000000,0
run1,BETA_MIN_NEG,3,0,SMOOTH,.6666666666666666,.6666656666666666,.3333323333333333,.6295508183181782E-11,.6295508173181782E-11,.9993704491816818E-08,5,.3000000000000000,0,0,.2499992500000000,0
run1,BETA_MIN_NEG,4,0,SMOOTH,.6666666666666666,.6666656666666666,.3333323333333333,.6295508183181782E-11,.6295508173181782E-11,.9993704491816818E-08,5,.3000000000000000,0,0,.2499992500000000,0
run1,FINAL_CLIP_LOW,1,2,BRANCH_2,1.066666666666667,1.066665666666667,-.6666766666666668E-01,.6295508183181782E-11,.6295508173181782E-11,.9993704491816818E-08,7,.1000000000000000,0,2,.1500007500000002,0
run1,FINAL_CLIP_LOW,2,2,BRANCH_2,1.066666666666667,1.066665666666667,-.6666766666666668E-01,.6295508183181782E-11,.6295508173181782E-11,.9993704491816818E-08,7,.1000000000000000,0,2,.1500007500000002,0
run1,FINAL_CLIP_LOW,3,2,BRANCH_2,1.066666666666667,1.066665666666667,-.6666766666666668E-01,.6295508183181782E-11,.6295508173181782E-11,.9993704491816818E-08,7,.1000000000000000,0,2,.1500007500000002,0
run1,FINAL_CLIP_LOW,4,2,BRANCH_2,1.066666666666667,1.066665666666667,-.6666766666666668E-01,.6295508183181782E-11,.6295508173181782E-11,.9993704491816818E-08,7,.1000000000000000,0,2,.1500007500000002,0
run1,FINAL_CLIP_HIGH,1,1,BRANCH_1,-.2666666666666667,-.2666676666666666,1.266665666666667,.6295508183181782E-11,.6295508173181782E-11,.9993704491816818E-08,8,.1000000000000001,0,1,.3000007500000001,0
run1,FINAL_CLIP_HIGH,2,1,BRANCH_1,-.2666666666666667,-.2666676666666666,1.266665666666667,.6295508183181782E-11,.6295508173181782E-11,.9993704491816818E-08,8,.1000000000000001,0,1,.3000007500000001,0
run1,FINAL_CLIP_HIGH,3,1,BRANCH_1,-.2666666666666667,-.2666676666666666,1.266665666666667,.6295508183181782E-11,.6295508173181782E-11,.9993704491816818E-08,8,.1000000000000001,0,1,.3000007500000001,0
run1,FINAL_CLIP_HIGH,4,1,BRANCH_1,-.2666666666666667,-.2666676666666666,1.266665666666667,.6295508183181782E-11,.6295508173181782E-11,.9993704491816818E-08,8,.1000000000000001,0,1,.3000007500000001,0
run1,SE_CLIP_LOW,1,1,BRANCH_1,-.2000000000000001,-.2000010000000001,1.199999000000000,.6295508183181782E-11,.6295508173181782E-11,.9993704491816818E-08,0,.1000000000000000E+100,0,1,.1500007500000000,0
run1,SE_CLIP_LOW,2,1,BRANCH_1,-.2000000000000001,-.2000010000000001,1.199999000000000,.6295508183181782E-11,.6295508173181782E-11,.9993704491816818E-08,0,.1000000000000000E+100,0,1,.1500007500000000,0
run1,SE_CLIP_LOW,3,1,BRANCH_1,-.2000000000000000,-.2000010000000000,1.199999000000000,.6295508183181782E-11,.6295508173181782E-11,.9993704491816818E-08,0,.1000000000000000E+100,0,1,.1500007500000000,0
run1,SE_CLIP_LOW,4,1,BRANCH_1,-.2000000000000000,-.2000010000000000,1.199999000000000,.6295508183181782E-11,.6295508173181782E-11,.9993704491816818E-08,0,.1000000000000000E+100,0,1,.1500007500000000,0
run1,SE_CLIP_HIGH,1,2,BRANCH_2,1.053333333333333,1.053332333333334,-.5333433333333348E-01,.6295508183181782E-11,.6295508173181782E-11,.9993704491816818E-08,0,.1000000000000000E+100,0,2,.4000075000000011E-01,0
run1,SE_CLIP_HIGH,2,2,BRANCH_2,1.053333333333333,1.053332333333334,-.5333433333333348E-01,.6295508183181782E-11,.6295508173181782E-11,.9993704491816818E-08,0,.1000000000000000E+100,0,2,.4000075000000011E-01,0
run1,SE_CLIP_HIGH,3,2,BRANCH_2,1.053333333333333,1.053332333333334,-.5333433333333348E-01,.6295508183181782E-11,.6295508173181782E-11,.9993704491816818E-08,0,.1000000000000000E+100,0,2,.4000075000000011E-01,0
run1,SE_CLIP_HIGH,4,2,BRANCH_2,1.053333333333333,1.053332333333334,-.5333433333333348E-01,.6295508183181782E-11,.6295508173181782E-11,.9993704491816818E-08,0,.1000000000000000E+100,0,2,.4000075000000011E-01,0
