slot,name,category,write_condition,source_reference_lines,static_reverse_physical_path,dynamic_noninterference_status
1,PHYSICAL_SLOT_1,PHYSICAL_OR_CLOSURE_CANDIDATE,EVERY_CANDIDATE_BUILD,1109;1225;1644;1645;1705;2140;4750;5214;10424,PHYSICAL_PATH_PRESENT_BY_DESIGN,PARTIAL_REGISTERED_PATHS_ONLY
2,PHYSICAL_SLOT_2,PHYSICAL_OR_CLOSURE_CANDIDATE,EVERY_CANDIDATE_BUILD,1226;1647;1648;1706;2141;4751;5215;10425,PHYSICAL_PATH_PRESENT_BY_DESIGN,PARTIAL_REGISTERED_PATHS_ONLY
3,PHYSICAL_SLOT_3,PHYSICAL_OR_CLOSURE_CANDIDATE,EVERY_CANDIDATE_BUILD,2142;10426,PHYSICAL_PATH_PRESENT_BY_DESIGN,PARTIAL_REGISTERED_PATHS_ONLY
4,PHYSICAL_SLOT_4,PHYSICAL_OR_CLOSURE_CANDIDATE,EVERY_CANDIDATE_BUILD,1650;1651;1707;1869;1945;2143;4752;5216;10427,PHYSICAL_PATH_PRESENT_BY_DESIGN,PARTIAL_REGISTERED_PATHS_ONLY
5,PHYSICAL_SLOT_5,PHYSICAL_OR_CLOSURE_CANDIDATE,EVERY_CANDIDATE_BUILD,1109;1653;1654;1708;1945;1989;2144;4753;5217;10428,PHYSICAL_PATH_PRESENT_BY_DESIGN,PARTIAL_REGISTERED_PATHS_ONLY
6,PHYSICAL_SLOT_6,PHYSICAL_OR_CLOSURE_CANDIDATE,EVERY_CANDIDATE_BUILD,1227;1656;1657;1710;2089;2145;2165;4754;5218;10429,PHYSICAL_PATH_PRESENT_BY_DESIGN,PARTIAL_REGISTERED_PATHS_ONLY
7,PHYSICAL_SLOT_7,PHYSICAL_OR_CLOSURE_CANDIDATE,EVERY_CANDIDATE_BUILD,2146;10430,PHYSICAL_PATH_PRESENT_BY_DESIGN,PARTIAL_REGISTERED_PATHS_ONLY
8,PHYSICAL_SLOT_8,PHYSICAL_OR_CLOSURE_CANDIDATE,EVERY_CANDIDATE_BUILD,1659;1660;1709;2147;4755;5219;10431,PHYSICAL_PATH_PRESENT_BY_DESIGN,PARTIAL_REGISTERED_PATHS_ONLY
9,PHYSICAL_SLOT_9,PHYSICAL_OR_CLOSURE_CANDIDATE,EVERY_CANDIDATE_BUILD,2148;10432,PHYSICAL_PATH_PRESENT_BY_DESIGN,PARTIAL_REGISTERED_PATHS_ONLY
10,PHYSICAL_SLOT_10,PHYSICAL_OR_CLOSURE_CANDIDATE,EVERY_CANDIDATE_BUILD,1114;1662;1663;1711;2149;2166;4756;5221;10433,PHYSICAL_PATH_PRESENT_BY_DESIGN,PARTIAL_REGISTERED_PATHS_ONLY
11,PHYSICAL_SLOT_11,PHYSICAL_OR_CLOSURE_CANDIDATE,EVERY_CANDIDATE_BUILD,1115;1665;1666;1712;2150;2167;4757;5222;10434,PHYSICAL_PATH_PRESENT_BY_DESIGN,PARTIAL_REGISTERED_PATHS_ONLY
12,PHYSICAL_SLOT_12,PHYSICAL_OR_CLOSURE_CANDIDATE,EVERY_CANDIDATE_BUILD,1116;1668;1669;1713;2151;2168;4758;5223;10435,PHYSICAL_PATH_PRESENT_BY_DESIGN,PARTIAL_REGISTERED_PATHS_ONLY
13,PHYSICAL_SLOT_13,PHYSICAL_OR_CLOSURE_CANDIDATE,EVERY_CANDIDATE_BUILD,1108;2137;2152;2305;2307;4759;10436,PHYSICAL_PATH_PRESENT_BY_DESIGN,PARTIAL_REGISTERED_PATHS_ONLY
14,PHYSICAL_SLOT_14,PHYSICAL_OR_CLOSURE_CANDIDATE,EVERY_CANDIDATE_BUILD,1109;2138;2153;2306;2308;10437,PHYSICAL_PATH_PRESENT_BY_DESIGN,PARTIAL_REGISTERED_PATHS_ONLY
15,DBG_DETJ,CONDITIONAL_MECHANICS_DIAGNOSTIC,DBG_MECH_TRUE,2193,NO_REFERENCE_IN_RHS_AMATRX_OR_SLOTS_1_14_FOUND,PARTIAL_REGISTERED_PATHS_ONLY
16,DBG_EPSXX,CONDITIONAL_MECHANICS_DIAGNOSTIC,DBG_MECH_TRUE,2194,NO_REFERENCE_IN_RHS_AMATRX_OR_SLOTS_1_14_FOUND,PARTIAL_REGISTERED_PATHS_ONLY
17,DBG_EPSYY,CONDITIONAL_MECHANICS_DIAGNOSTIC,DBG_MECH_TRUE,2195,NO_REFERENCE_IN_RHS_AMATRX_OR_SLOTS_1_14_FOUND,PARTIAL_REGISTERED_PATHS_ONLY
18,DBG_GXY,CONDITIONAL_MECHANICS_DIAGNOSTIC,DBG_MECH_TRUE,2196,NO_REFERENCE_IN_RHS_AMATRX_OR_SLOTS_1_14_FOUND,PARTIAL_REGISTERED_PATHS_ONLY
19,DBG_SIGXX,CONDITIONAL_MECHANICS_DIAGNOSTIC,DBG_MECH_TRUE,2197,NO_REFERENCE_IN_RHS_AMATRX_OR_SLOTS_1_14_FOUND,PARTIAL_REGISTERED_PATHS_ONLY
20,DBG_SIGYY,CONDITIONAL_MECHANICS_DIAGNOSTIC,DBG_MECH_TRUE,2198,NO_REFERENCE_IN_RHS_AMATRX_OR_SLOTS_1_14_FOUND,PARTIAL_REGISTERED_PATHS_ONLY
21,DBG_SIGXY,CONDITIONAL_MECHANICS_DIAGNOSTIC,DBG_MECH_TRUE,2199,NO_REFERENCE_IN_RHS_AMATRX_OR_SLOTS_1_14_FOUND,PARTIAL_REGISTERED_PATHS_ONLY
22,DBG_SM,CONDITIONAL_MECHANICS_DIAGNOSTIC,DBG_MECH_TRUE,2200,NO_REFERENCE_IN_RHS_AMATRX_OR_SLOTS_1_14_FOUND,PARTIAL_REGISTERED_PATHS_ONLY
23,DBG_RU5,CONDITIONAL_MECHANICS_DIAGNOSTIC,DBG_MECH_TRUE,2201,NO_REFERENCE_IN_RHS_AMATRX_OR_SLOTS_1_14_FOUND,PARTIAL_REGISTERED_PATHS_ONLY
24,DBG_RU8,CONDITIONAL_MECHANICS_DIAGNOSTIC,DBG_MECH_TRUE,2202,NO_REFERENCE_IN_RHS_AMATRX_OR_SLOTS_1_14_FOUND,PARTIAL_REGISTERED_PATHS_ONLY
25,DBG_K55,CONDITIONAL_MECHANICS_DIAGNOSTIC,DBG_MECH_TRUE,2203,NO_REFERENCE_IN_RHS_AMATRX_OR_SLOTS_1_14_FOUND,PARTIAL_REGISTERED_PATHS_ONLY
26,DBG_K88,CONDITIONAL_MECHANICS_DIAGNOSTIC,DBG_MECH_TRUE,2204,NO_REFERENCE_IN_RHS_AMATRX_OR_SLOTS_1_14_FOUND,PARTIAL_REGISTERED_PATHS_ONLY
27,DBG_K51,CONDITIONAL_MECHANICS_DIAGNOSTIC,DBG_MECH_TRUE,2205,NO_REFERENCE_IN_RHS_AMATRX_OR_SLOTS_1_14_FOUND,PARTIAL_REGISTERED_PATHS_ONLY
28,DBG_K55ROW,CONDITIONAL_MECHANICS_DIAGNOSTIC,DBG_MECH_TRUE,2206,NO_REFERENCE_IN_RHS_AMATRX_OR_SLOTS_1_14_FOUND,PARTIAL_REGISTERED_PATHS_ONLY
29,DBG_K58,CONDITIONAL_MECHANICS_DIAGNOSTIC,DBG_MECH_TRUE,2207,NO_REFERENCE_IN_RHS_AMATRX_OR_SLOTS_1_14_FOUND,PARTIAL_REGISTERED_PATHS_ONLY
30,DBG_K81,CONDITIONAL_MECHANICS_DIAGNOSTIC,DBG_MECH_TRUE,2208,NO_REFERENCE_IN_RHS_AMATRX_OR_SLOTS_1_14_FOUND,PARTIAL_REGISTERED_PATHS_ONLY
31,DBG_K85,CONDITIONAL_MECHANICS_DIAGNOSTIC,DBG_MECH_TRUE,2209,NO_REFERENCE_IN_RHS_AMATRX_OR_SLOTS_1_14_FOUND,PARTIAL_REGISTERED_PATHS_ONLY
32,DBG_K88ROW,CONDITIONAL_MECHANICS_DIAGNOSTIC,DBG_MECH_TRUE,2210,NO_REFERENCE_IN_RHS_AMATRX_OR_SLOTS_1_14_FOUND,PARTIAL_REGISTERED_PATHS_ONLY
33,OUT_PW,CONDITIONAL_OUTPUT_MIRROR_OR_PROVENANCE,KSTEP_GE_3_AND_OUTPUT_SOURCE_VALID,1611;1612;1720;2214;5264;5278,NO_REFERENCE_IN_RHS_AMATRX_OR_SLOTS_1_14_FOUND,PARTIAL_REGISTERED_PATHS_ONLY
34,OUT_SN,CONDITIONAL_OUTPUT_MIRROR_OR_PROVENANCE,KSTEP_GE_3_AND_OUTPUT_SOURCE_VALID,1614;1615;1721;2215;5265;5281,NO_REFERENCE_IN_RHS_AMATRX_OR_SLOTS_1_14_FOUND,PARTIAL_REGISTERED_PATHS_ONLY
35,OUT_PC,CONDITIONAL_OUTPUT_MIRROR_OR_PROVENANCE,KSTEP_GE_3_AND_OUTPUT_SOURCE_VALID,1617;1618;1722;2216;5266,NO_REFERENCE_IN_RHS_AMATRX_OR_SLOTS_1_14_FOUND,PARTIAL_REGISTERED_PATHS_ONLY
36,OUT_PEQ,CONDITIONAL_OUTPUT_MIRROR_OR_PROVENANCE,KSTEP_GE_3_AND_OUTPUT_SOURCE_VALID,1620;1621;1723;2217;5267,NO_REFERENCE_IN_RHS_AMATRX_OR_SLOTS_1_14_FOUND,PARTIAL_REGISTERED_PATHS_ONLY
37,OUT_KABS,CONDITIONAL_OUTPUT_MIRROR_OR_PROVENANCE,KSTEP_GE_3_AND_OUTPUT_SOURCE_VALID,1623;1624;1724;2218;5268,NO_REFERENCE_IN_RHS_AMATRX_OR_SLOTS_1_14_FOUND,PARTIAL_REGISTERED_PATHS_ONLY
38,OUT_EPSV,CONDITIONAL_OUTPUT_MIRROR_OR_PROVENANCE,KSTEP_GE_3_AND_OUTPUT_SOURCE_VALID,1626;1627;1725;2219;5269,NO_REFERENCE_IN_RHS_AMATRX_OR_SLOTS_1_14_FOUND,PARTIAL_REGISTERED_PATHS_ONLY
39,OUT_SIGXX,CONDITIONAL_OUTPUT_MIRROR_OR_PROVENANCE,KSTEP_GE_3_AND_OUTPUT_SOURCE_VALID,1629;1630;1726;2220;5270,NO_REFERENCE_IN_RHS_AMATRX_OR_SLOTS_1_14_FOUND,PARTIAL_REGISTERED_PATHS_ONLY
40,OUT_SIGYY,CONDITIONAL_OUTPUT_MIRROR_OR_PROVENANCE,KSTEP_GE_3_AND_OUTPUT_SOURCE_VALID,1632;1633;1727;2221;5271,NO_REFERENCE_IN_RHS_AMATRX_OR_SLOTS_1_14_FOUND,PARTIAL_REGISTERED_PATHS_ONLY
41,OUT_SIGXY,CONDITIONAL_OUTPUT_MIRROR_OR_PROVENANCE,KSTEP_GE_3_AND_OUTPUT_SOURCE_VALID,1635;1636;1728;2222;5272,NO_REFERENCE_IN_RHS_AMATRX_OR_SLOTS_1_14_FOUND,PARTIAL_REGISTERED_PATHS_ONLY
42,OUT_VALID,CONDITIONAL_OUTPUT_MIRROR_OR_PROVENANCE,KSTEP_GE_3_AND_OUTPUT_SOURCE_VALID,2223;4812;4813;5256;5260;5284,NO_REFERENCE_IN_RHS_AMATRX_OR_SLOTS_1_14_FOUND,PARTIAL_REGISTERED_PATHS_ONLY
43,OUT_SOURCE,CONDITIONAL_OUTPUT_MIRROR_OR_PROVENANCE,KSTEP_GE_3_AND_OUTPUT_SOURCE_VALID,1638;1639;1641;2224;5257;5262,NO_REFERENCE_IN_RHS_AMATRX_OR_SLOTS_1_14_FOUND,PARTIAL_REGISTERED_PATHS_ONLY
44,OUT_TIME,CONDITIONAL_OUTPUT_MIRROR_OR_PROVENANCE,KSTEP_GE_3_AND_OUTPUT_SOURCE_VALID,1684;2225;5258,NO_REFERENCE_IN_RHS_AMATRX_OR_SLOTS_1_14_FOUND,PARTIAL_REGISTERED_PATHS_ONLY
45,OUT_KINC,CONDITIONAL_OUTPUT_MIRROR_OR_PROVENANCE,KSTEP_GE_3_AND_OUTPUT_SOURCE_VALID,1685;2226;5259,NO_REFERENCE_IN_RHS_AMATRX_OR_SLOTS_1_14_FOUND,PARTIAL_REGISTERED_PATHS_ONLY
46,RESERVED,RESERVED_ZERO,INITIALIZED_ZERO,LAYOUT_OR_LOOP_ONLY,NO_REFERENCE_BEYOND_ZERO_INITIALIZATION_FOUND,PARTIAL_REGISTERED_PATHS_ONLY
47,RESERVED,RESERVED_ZERO,INITIALIZED_ZERO,LAYOUT_OR_LOOP_ONLY,NO_REFERENCE_BEYOND_ZERO_INITIALIZATION_FOUND,PARTIAL_REGISTERED_PATHS_ONLY
48,RESERVED,RESERVED_ZERO,INITIALIZED_ZERO,4557;10421,NO_REFERENCE_BEYOND_ZERO_INITIALIZATION_FOUND,PARTIAL_REGISTERED_PATHS_ONLY
