state_id,direction_id,h,norm_fd,norm_kpp_phys_d,absolute_error_l2,relative_error_l2,absolute_error_inf,cosine_similarity,observed_slope,branch_crossed,finite,classification
BETA_MIN_NEG,D1,9.99999999999999955E-08,4.16666666481233031E-02,4.16666666666666574E-02,2.45941207094297199E-11,5.90258897026313458E-10,2.31630166436236416E-11,1.00000000000000000E+00,-0.5539199206647875,0,1,CONSISTENT_NUMERICALLY
BETA_MIN_NEG,D1,2.99999999999999986E-07,4.16666666602302296E-02,4.16666666666666574E-02,1.33827181868052401E-11,3.21185236483325891E-10,1.13271406143589104E-11,1.00000000000000000E+00,-0.9821472703800374,0,1,CONSISTENT_NUMERICALLY
BETA_MIN_NEG,D1,9.99999999999999955E-07,4.16666666687231374E-02,4.16666666666666574E-02,4.10204481074273931E-12,9.84490754529667489E-11,3.45414669089549915E-12,1.00000000000000000E+00,-1.2940370351355603,0,1,CONSISTENT_NUMERICALLY
BETA_MIN_NEG,D1,3.00000000000000008E-06,4.16666666672865782E-02,4.16666666666666574E-02,9.89892027319552665E-13,2.37574086553158010E-11,9.60481694178838552E-13,9.99999999999999889E-01,-0.7122962937485791,0,1,CONSISTENT_NUMERICALLY
BETA_MIN_NEG,D1,1.00000000000000008E-05,4.16666666670602523E-02,4.16666666666666574E-02,4.19897446963773280E-13,1.00775387270353708E-11,2.93695623376777298E-13,9.99999999999999889E-01,-1.352967802119377,0,1,CONSISTENT_NUMERICALLY
BETA_MIN_NEG,D1,3.00000000000000008E-05,4.16666666666053384E-02,4.16666666666666574E-02,9.49759264763904921E-14,2.27942223543337292E-12,9.11944131321007490E-14,1.00000000000000000E+00,-1.0407652049689105,0,1,CONSISTENT_NUMERICALLY
BETA_MIN_NEG,D1,1.00000000000000005E-04,4.16666666666664076E-02,4.16666666666666574E-02,2.71281097786018101E-14,6.51074634686443619E-13,2.07230066440189407E-14,1.00000000000000000E+00,-3.376681987802874,0,1,CONSISTENT_NUMERICALLY
BETA_MIN_NEG,D1,2.99999999999999974E-04,4.16666666666670529E-02,4.16666666666666574E-02,6.64251872604899621E-16,1.59420449425174387E-14,6.03683769639928869E-16,1.00000000000000000E+00,1.0038457027914747,0,1,CONSISTENT_NUMERICALLY
BETA_MIN_NEG,D1,1.00000000000000002E-03,4.16666666666684893E-02,4.16666666666666574E-02,2.22444856885759407E-15,5.33867656525799289E-14,1.82839854367955507E-15,9.99999999999999889E-01,-2.377536732980976,0,1,CONSISTENT_NUMERICALLY
BETA_MIN_NEG,D1,3.00000000000000006E-03,4.16666666666666990E-02,4.16666666666666574E-02,1.63248447482536196E-16,3.91796273958086535E-15,1.31838984174237290E-16,1.00000000000000000E+00,0.8421399819983872,0,1,CONSISTENT_NUMERICALLY
BETA_MIN_NEG,D1,1.00000000000000002E-02,4.16666666666670529E-02,4.16666666666666574E-02,4.49972690800075748E-16,1.07993445792017201E-14,3.12250225675825277E-16,1.00000000000000000E+00,,0,1,CONSISTENT_NUMERICALLY
BETA_MIN_NEG,D2,9.99999999999999955E-08,2.32829872196590112E-02,2.32829872094275116E-02,6.48641724881216453E-11,2.78590422595574616E-09,4.13016565392609891E-11,9.99999999999999778E-01,-1.5737820655566575,0,1,CONSISTENT_NUMERICALLY
BETA_MIN_NEG,D2,2.99999999999999986E-07,2.32829872028538706E-02,2.32829872094275116E-02,1.15111843180824698E-11,4.94403240208863030E-10,1.05825938290227096E-11,1.00000000000000000E+00,-1.160925049069092,0,1,CONSISTENT_NUMERICALLY
BETA_MIN_NEG,D2,9.99999999999999955E-07,2.32829872091422502E-02,2.32829872094275116E-02,2.84509632658714307E-12,1.22196361703756594E-10,2.37879854703137994E-12,9.99999999999999778E-01,-0.582428431884514,0,1,CONSISTENT_NUMERICALLY
BETA_MIN_NEG,D2,3.00000000000000008E-06,2.32829872102625901E-02,2.32829872094275116E-02,1.50040323108521193E-12,6.44420416304601135E-11,1.48818804501793502E-12,1.00000000000000000E+00,-2.0936004186836406,0,1,CONSISTENT_NUMERICALLY
BETA_MIN_NEG,D2,1.00000000000000008E-05,2.32829872095149312E-02,2.32829872094275116E-02,1.20644861911164391E-13,5.18167453452283265E-12,1.04022693236949200E-13,1.00000000000000000E+00,0.13316849286091298,0,1,CONSISTENT_NUMERICALLY
BETA_MIN_NEG,D2,3.00000000000000008E-05,2.32829872093184287E-02,2.32829872094275116E-02,1.39651739318180003E-13,5.99801640837708572E-12,1.12816006536675698E-13,1.00000000000000000E+00,-1.068397592192281,0,1,CONSISTENT_NUMERICALLY
BETA_MIN_NEG,D2,1.00000000000000005E-04,2.32829872094523285E-02,2.32829872094275116E-02,3.85837075027337403E-14,1.65716311037054908E-12,2.27092650240123785E-14,1.00000000000000000E+00,-2.306676969505819,0,1,CONSISTENT_NUMERICALLY
BETA_MIN_NEG,D2,2.99999999999999974E-04,2.32829872094305508E-02,2.32829872094275116E-02,3.06083096796796482E-15,1.31462124702289188E-13,1.74860126378462195E-15,1.00000000000000000E+00,0.024709609147278242,0,1,CONSISTENT_NUMERICALLY
BETA_MIN_NEG,D2,1.00000000000000002E-03,2.32829872094278204E-02,2.32829872094275116E-02,3.15325778125963603E-15,1.35431839260849203E-13,2.28116137090950093E-15,1.00000000000000000E+00,-1.4364850335855608,0,1,CONSISTENT_NUMERICALLY
BETA_MIN_NEG,D2,3.00000000000000006E-03,2.32829872094269183E-02,2.32829872094275116E-02,6.50701689722714400E-16,2.79475173812421710E-14,4.75314232417645144E-16,1.00000000000000000E+00,-1.563669408673755,0,1,CONSISTENT_NUMERICALLY
BETA_MIN_NEG,D2,1.00000000000000002E-02,2.32829872094276087E-02,2.32829872094275116E-02,9.90312899475937202E-17,4.25337561099095416E-15,6.07153216591882483E-17,1.00000000000000000E+00,,0,1,CONSISTENT_NUMERICALLY
BETA_MIN_NEG,D3,9.99999999999999955E-08,4.01924343030504103E-02,4.01924342862153700E-02,6.67557483532552599E-11,1.66090333941750904E-09,5.67640483228881720E-11,9.99999999999999889E-01,-0.9205303570011127,0,1,CONSISTENT_NUMERICALLY
BETA_MIN_NEG,D3,2.99999999999999986E-07,4.01924342912265628E-02,4.01924342862153700E-02,2.42819784743754704E-11,6.04143016032146387E-10,2.13766782053426109E-11,9.99999999999999889E-01,-1.964915611983214,0,1,CONSISTENT_NUMERICALLY
BETA_MIN_NEG,D3,9.99999999999999955E-07,4.01924342878587221E-02,4.01924342862153700E-02,2.27966724907981099E-12,5.67188151071618429E-11,1.81735182458453397E-12,1.00000000000000000E+00,0.04059439958827791,0,1,CONSISTENT_NUMERICALLY
BETA_MIN_NEG,D3,3.00000000000000008E-06,4.01924342875293189E-02,4.01924342862153700E-02,2.38363586217399690E-12,5.93055858503593546E-11,1.64419866610643299E-12,9.99999999999999889E-01,-0.8217921623515583,0,1,CONSISTENT_NUMERICALLY
BETA_MIN_NEG,D3,1.00000000000000008E-05,4.01924342862609307E-02,4.01924342862153700E-02,8.86221447244059738E-13,2.20494593816378688E-11,5.97247945544054915E-13,1.00000000000000000E+00,-1.4773711079406782,0,1,CONSISTENT_NUMERICALLY
BETA_MIN_NEG,D3,3.00000000000000008E-05,4.01924342863484371E-02,4.01924342862153700E-02,1.74846562870453995E-13,4.35023570915786620E-12,1.25996435507147503E-13,9.99999999999999889E-01,-1.2171543562625526,0,1,CONSISTENT_NUMERICALLY
BETA_MIN_NEG,D3,1.00000000000000005E-04,4.01924342862326131E-02,4.01924342862153700E-02,4.03861967554203678E-14,1.00482086921652709E-12,3.95794508278868307E-14,1.00000000000000000E+00,-1.47344750799062,0,1,CONSISTENT_NUMERICALLY
BETA_MIN_NEG,D3,2.99999999999999974E-04,4.01924342862112691E-02,4.01924342862153700E-02,8.00239220919964288E-15,1.99101954169125512E-13,7.04124258898986000E-15,9.99999999999999889E-01,-0.1561687787984697,0,1,CONSISTENT_NUMERICALLY
BETA_MIN_NEG,D3,1.00000000000000002E-03,4.01924342862139128E-02,4.01924342862153700E-02,6.63074761691116972E-15,1.64975019171339189E-13,5.64479019082853029E-15,9.99999999999999889E-01,-1.7208799381319824,0,1,CONSISTENT_NUMERICALLY
BETA_MIN_NEG,D3,3.00000000000000006E-03,4.01924342862154393E-02,4.01924342862153700E-02,1.00113836065921599E-15,2.49086271692324485E-14,6.62664367823140310E-16,1.00000000000000000E+00,-0.40966103663736253,0,1,CONSISTENT_NUMERICALLY
BETA_MIN_NEG,D3,1.00000000000000002E-02,4.01924342862155920E-02,4.01924342862153700E-02,6.11351600826110495E-16,1.52106139297907599E-14,3.92047505570758403E-16,1.00000000000000000E+00,,0,1,CONSISTENT_NUMERICALLY
BETA_MIN_POS,D1,9.99999999999999955E-08,4.16666666471746175E-02,4.16666666666666574E-02,2.55743971312259588E-11,6.13785531149423140E-10,2.39761682729877602E-11,1.00000000000000000E+00,-0.9223106825315918,0,1,CONSISTENT_NUMERICALLY
BETA_MIN_POS,D1,2.99999999999999986E-07,4.16666666605464628E-02,4.16666666666666574E-02,9.28434723521420122E-12,2.22824333645140907E-10,8.43593944699350118E-12,1.00000000000000000E+00,-0.9212071230271279,0,1,CONSISTENT_NUMERICALLY
BETA_MIN_POS,D1,9.99999999999999955E-07,4.16666666686960410E-02,4.16666666666666574E-02,3.06246934477664282E-12,7.34992642710596614E-11,2.80362191795724414E-12,1.00000000000000000E+00,-1.0882555752789513,0,1,CONSISTENT_NUMERICALLY
BETA_MIN_POS,D1,3.00000000000000008E-06,4.16666666673136815E-02,4.16666666666666574E-02,9.26492449947428213E-13,2.22358187983929906E-11,8.88199236381836954E-13,1.00000000000000000E+00,-0.61184751050989,0,1,CONSISTENT_NUMERICALLY
BETA_MIN_POS,D1,1.00000000000000008E-05,4.16666666670643185E-02,4.16666666666666574E-02,4.43526757997620917E-13,1.06446421918413102E-11,3.04537645101632393E-13,9.99999999999999889E-01,-1.5013595517614444,0,1,CONSISTENT_NUMERICALLY
BETA_MIN_POS,D1,3.00000000000000008E-05,4.16666666666044433E-02,4.16666666666666574E-02,8.52293689436724916E-14,2.04550485464814000E-12,8.03558608541976582E-14,9.99999999999999889E-01,-0.8440111688986589,0,1,CONSISTENT_NUMERICALLY
BETA_MIN_POS,D1,1.00000000000000005E-04,4.16666666666674970E-02,4.16666666666666574E-02,3.08513215218898499E-14,7.40431716525341655E-13,2.18054740930284715E-14,1.00000000000000000E+00,-4.638697126516455,0,1,CONSISTENT_NUMERICALLY
BETA_MIN_POS,D1,2.99999999999999974E-04,4.16666666666666019E-02,4.16666666666666574E-02,1.88822080529446289E-16,4.53172993270671192E-15,1.21430643318376497E-16,1.00000000000000000E+00,2.0977824366589806,0,1,CONSISTENT_NUMERICALLY
BETA_MIN_POS,D1,1.00000000000000002E-03,4.16666666666685032E-02,4.16666666666666574E-02,2.36014468173375699E-15,5.66434723616076592E-14,2.15105711021124119E-15,1.00000000000000000E+00,-3.149556345570867,0,1,CONSISTENT_NUMERICALLY
BETA_MIN_POS,D1,3.00000000000000006E-03,4.16666666666666505E-02,4.16666666666666574E-02,7.41683045758499299E-17,1.78003930982039901E-15,5.55111512312578270E-17,9.99999999999999889E-01,1.5072016208845291,0,1,CONSISTENT_NUMERICALLY
BETA_MIN_POS,D1,1.00000000000000002E-02,4.16666666666670529E-02,4.16666666666666574E-02,4.55304606158318075E-16,1.09273105477995297E-14,3.12250225675825277E-16,1.00000000000000000E+00,,0,1,CONSISTENT_NUMERICALLY
BETA_MIN_POS,D2,9.99999999999999955E-08,1.13448383535206601E-02,1.13448383583568593E-02,6.20518462724882744E-11,5.46961043537297126E-09,4.53796167310116516E-11,1.00000000000000000E+00,-1.6996343711235045,0,1,CONSISTENT_NUMERICALLY
BETA_MIN_POS,D2,2.99999999999999986E-07,1.13448383546952102E-02,1.13448383583568593E-02,9.59009753603707080E-12,8.45326943682083274E-10,9.23954402570759115E-12,1.00000000000000000E+00,-1.0800463502605113,0,1,CONSISTENT_NUMERICALLY
BETA_MIN_POS,D2,9.99999999999999955E-07,1.13448383583724596E-02,1.13448383583568593E-02,2.61270119383024505E-12,2.30298670752067408E-10,2.17416015746429991E-12,9.99999999999999778E-01,-0.8052586926249665,0,1,CONSISTENT_NUMERICALLY
BETA_MIN_POS,D2,3.00000000000000008E-06,1.13448383588151801E-02,1.13448383583568593E-02,1.07865784380740700E-12,9.50791725445138265E-11,1.06037661290470098E-12,1.00000000000000000E+00,-1.968671707881332,0,1,CONSISTENT_NUMERICALLY
BETA_MIN_POS,D2,1.00000000000000008E-05,1.13448383584483607E-02,1.13448383583568593E-02,1.00810812131801902E-13,8.88605099046910003E-12,8.09794939438113204E-14,9.99999999999999778E-01,-0.08984591949453063,0,1,CONSISTENT_NUMERICALLY
BETA_MIN_POS,D2,3.00000000000000008E-05,1.13448383583083096E-02,1.13448383583568593E-02,9.13355220830577546E-14,8.05084384616004166E-12,8.52642609294740339E-14,1.00000000000000000E+00,-0.9809986252377703,0,1,CONSISTENT_NUMERICALLY
BETA_MIN_POS,D2,1.00000000000000005E-04,1.13448383583675799E-02,1.13448383583568593E-02,2.80347304841249807E-14,2.47114410964238003E-12,1.65978342181460903E-14,1.00000000000000000E+00,-2.7388494069153797,0,1,CONSISTENT_NUMERICALLY
BETA_MIN_POS,D2,2.99999999999999974E-04,1.13448383583581898E-02,1.13448383583568593E-02,1.38335332977626295E-15,1.21936803864384009E-13,9.34148591813510620E-16,1.00000000000000000E+00,0.564348791330474,0,1,CONSISTENT_NUMERICALLY
BETA_MIN_POS,D2,1.00000000000000002E-03,1.13448383583569807E-02,1.13448383583568593E-02,2.72909785255932718E-15,2.40558548861913283E-13,2.17447587713692809E-15,9.99999999999999778E-01,-2.2058666332800723,0,1,CONSISTENT_NUMERICALLY
BETA_MIN_POS,D2,3.00000000000000006E-03,1.13448383583566598E-02,1.13448383583568593E-02,2.41853987383506985E-16,2.13184163355974009E-14,1.72604985859692306E-16,1.00000000000000000E+00,-0.7880239347067236,0,1,CONSISTENT_NUMERICALLY
BETA_MIN_POS,D2,1.00000000000000002E-02,1.13448383583569599E-02,1.13448383583568593E-02,9.36509712219109074E-17,8.25494099287229759E-15,5.55111512312578270E-17,1.00000000000000000E+00,,0,1,CONSISTENT_NUMERICALLY
BETA_MIN_POS,D3,9.99999999999999955E-08,3.85608487157763566E-02,3.85608486979083301E-02,4.61313628818511483E-11,1.19632644037156499E-09,4.15560641453538373E-11,1.00000000000000000E+00,-0.7848880965471735,0,1,CONSISTENT_NUMERICALLY
BETA_MIN_POS,D3,2.99999999999999986E-07,3.85608487071971914E-02,3.85608486979083301E-02,1.94764361672880194E-11,5.05083182042433503E-10,1.65226946707841484E-11,1.00000000000000000E+00,-1.7712669774795102,0,1,CONSISTENT_NUMERICALLY
BETA_MIN_POS,D3,9.99999999999999955E-07,3.85608486996898772E-02,3.85608486979083301E-02,2.30861565861013009E-12,5.98694203177301000E-11,2.00164190777840604E-12,1.00000000000000000E+00,-0.03814012771328003,0,1,CONSISTENT_NUMERICALLY
BETA_MIN_POS,D3,3.00000000000000008E-06,3.85608486993605226E-02,3.85608486979083301E-02,2.21388048179405415E-12,5.74126492664765473E-11,1.63298367883424293E-12,9.99999999999999889E-01,-1.1085478390253956,0,1,CONSISTENT_NUMERICALLY
BETA_MIN_POS,D3,1.00000000000000008E-05,3.85608486978428616E-02,3.85608486979083301E-02,5.82798020839250996E-13,1.51137239069861003E-11,3.80875886385467816E-13,1.00000000000000000E+00,-1.2059302230670406,0,1,CONSISTENT_NUMERICALLY
BETA_MIN_POS,D3,3.00000000000000008E-05,3.85608486980499529E-02,3.85608486979083301E-02,1.54932713471060388E-13,4.01787612830460071E-12,1.07015091233009204E-13,9.99999999999999889E-01,-1.244923825278883,0,1,CONSISTENT_NUMERICALLY
BETA_MIN_POS,D3,1.00000000000000005E-04,3.85608486979317280E-02,3.85608486979083301E-02,3.46097864322423775E-14,8.97536947471250289E-13,3.08954251071469280E-14,9.99999999999999889E-01,-1.4462483431883657,0,1,CONSISTENT_NUMERICALLY
BETA_MIN_POS,D3,2.99999999999999974E-04,3.85608486979032994E-02,3.85608486979083301E-02,7.06582855055686021E-15,1.83238408622996292E-13,5.60489155088106372E-15,1.00000000000000000E+00,-0.4479802553569795,0,1,CONSISTENT_NUMERICALLY
BETA_MIN_POS,D3,1.00000000000000002E-03,3.85608486979063733E-02,3.85608486979083301E-02,4.12025164473377793E-15,1.06850647323985701E-13,3.35842464949109893E-15,9.99999999999999889E-01,-1.4433252385385549,0,1,CONSISTENT_NUMERICALLY
BETA_MIN_POS,D3,3.00000000000000006E-03,3.85608486979086285E-02,3.85608486979083301E-02,8.43883688861814273E-16,2.18844687644953908E-14,7.11236625150490909E-16,1.00000000000000000E+00,-0.5053380072030895,0,1,CONSISTENT_NUMERICALLY
BETA_MIN_POS,D3,1.00000000000000002E-02,3.85608486979085383E-02,3.85608486979083301E-02,4.59253092569562497E-16,1.19098284419884004E-14,3.53883589099268598E-16,1.00000000000000000E+00,,0,1,CONSISTENT_NUMERICALLY
FINAL_CLIP_HIGH,D1,9.99999999999999955E-08,4.16666666469035774E-02,4.16666666666666574E-02,2.58456185901108788E-11,6.20294846162661194E-10,2.39761682729877602E-11,1.00000000000000000E+00,-0.9988169153910376,0,1,CONSISTENT_NUMERICALLY
FINAL_CLIP_HIGH,D1,2.99999999999999986E-07,4.16666666602754088E-02,4.16666666666666574E-02,8.62641110228871629E-12,2.07033866454929204E-10,8.07453409690239710E-12,1.00000000000000000E+00,-0.969298421589587,0,1,CONSISTENT_NUMERICALLY
FINAL_CLIP_HIGH,D1,9.99999999999999955E-07,4.16666666687231513E-02,4.16666666666666574E-02,2.68537294237041196E-12,6.44489506137089704E-11,2.47836473565854516E-12,9.99999999999999778E-01,-1.0646419321018352,0,1,CONSISTENT_NUMERICALLY
FINAL_CLIP_HIGH,D1,3.00000000000000008E-06,4.16666666672865782E-02,4.16666666666666574E-02,8.33760496025338652E-13,2.00102519043104194E-11,7.79782488580238464E-13,9.99999999999999889E-01,-0.5006592899488641,0,1,CONSISTENT_NUMERICALLY
FINAL_CLIP_HIGH,D1,1.00000000000000008E-05,4.16666666670588923E-02,4.16666666666666574E-02,4.56307085853823982E-13,1.09513700603886898E-11,3.15379666826487387E-13,1.00000000000000000E+00,-1.5490755446678668,0,1,CONSISTENT_NUMERICALLY
FINAL_CLIP_HIGH,D1,3.00000000000000008E-05,4.16666666666035274E-02,4.16666666666666574E-02,8.32070922257992030E-14,1.99697021341918087E-12,7.67372276833100386E-14,1.00000000000000000E+00,-0.7884608707393979,0,1,CONSISTENT_NUMERICALLY
FINAL_CLIP_HIGH,D1,1.00000000000000005E-04,4.16666666666666921E-02,4.16666666666666574E-02,3.22025982937483280E-14,7.72862359049959671E-13,2.28914109889899496E-14,1.00000000000000000E+00,-3.938700816586887,0,1,CONSISTENT_NUMERICALLY
FINAL_CLIP_HIGH,D1,2.99999999999999974E-04,4.16666666666670529E-02,4.16666666666666574E-02,4.25258535220589618E-16,1.02062048452940597E-14,2.42861286636752993E-16,9.99999999999999889E-01,1.513733904728865,0,1,CONSISTENT_NUMERICALLY
FINAL_CLIP_HIGH,D1,1.00000000000000002E-03,4.16666666666685934E-02,4.16666666666666574E-02,2.63119068963332714E-15,6.31485765511969356E-14,2.48065457064683415E-15,9.99999999999999778E-01,-3.5341061468228383,0,1,CONSISTENT_NUMERICALLY
FINAL_CLIP_HIGH,D1,3.00000000000000006E-03,4.16666666666666227E-02,4.16666666666666574E-02,5.41944938641420874E-17,1.30066785273941010E-15,4.85722573273505986E-17,1.00000000000000000E+00,1.7734557768490957,0,1,CONSISTENT_NUMERICALLY
FINAL_CLIP_HIGH,D1,1.00000000000000002E-02,4.16666666666670529E-02,4.16666666666666574E-02,4.58413602608989151E-16,1.10019264626156394E-14,3.12250225675825277E-16,1.00000000000000000E+00,,0,1,CONSISTENT_NUMERICALLY
FINAL_CLIP_HIGH,D2,9.99999999999999955E-08,4.62962961993466666E-03,4.62962962967160361E-03,6.18550519602166129E-11,1.33606912232856608E-08,4.59326266258330775E-11,9.99999999999999889E-01,-1.807005027056787,0,1,CONSISTENT_NUMERICALLY
FINAL_CLIP_HIGH,D2,2.99999999999999986E-07,4.62962962761443060E-03,4.62962962967160361E-03,8.49600325768838975E-12,1.83513670364405394E-09,7.98555058884042879E-12,9.99999999999999889E-01,-1.025659190877534,0,1,CONSISTENT_NUMERICALLY
FINAL_CLIP_HIGH,D2,9.99999999999999955E-07,4.62962963004485105E-03,4.62962962967160361E-03,2.47126477859328716E-12,5.33793192128275143E-10,1.85980744693559115E-12,1.00000000000000000E+00,-0.9831834204166349,0,1,CONSISTENT_NUMERICALLY
FINAL_CLIP_HIGH,D2,3.00000000000000008E-06,4.62962962992739639E-03,4.62962962967160361E-03,8.39115169463122484E-13,1.81248876592377012E-10,7.96487008292157128E-13,1.00000000000000000E+00,-2.1136278366717094,0,1,CONSISTENT_NUMERICALLY
FINAL_CLIP_HIGH,D2,1.00000000000000008E-05,4.62962962973314292E-03,4.62962962967160361E-03,6.58643637751057331E-14,1.42267025751047492E-11,4.83883766388970571E-14,9.99999999999999889E-01,0.19048957577378547,0,1,CONSISTENT_NUMERICALLY
FINAL_CLIP_HIGH,D2,3.00000000000000008E-05,4.62962962965273242E-03,4.62962962967160361E-03,8.11964658252505755E-14,1.75384366180951096E-11,7.44885923775751024E-14,9.99999999999999889E-01,-1.0926051933627123,0,1,CONSISTENT_NUMERICALLY
FINAL_CLIP_HIGH,D2,1.00000000000000005E-04,4.62962962967459601E-03,4.62962962967160361E-03,2.17889897141861203E-14,4.70642177821848935E-12,1.66646210719712005E-14,1.00000000000000000E+00,-2.9648219997215177,0,1,CONSISTENT_NUMERICALLY
FINAL_CLIP_HIGH,D2,2.99999999999999974E-04,4.62962962967143361E-03,4.62962962967160361E-03,8.38798222227032006E-16,1.81180415999396293E-13,7.61109925084824113E-16,1.00000000000000000E+00,0.9239017549271066,0,1,CONSISTENT_NUMERICALLY
FINAL_CLIP_HIGH,D2,1.00000000000000002E-03,4.62962962967183173E-03,4.62962962967160361E-03,2.55120931370024913E-15,5.51061211754230509E-13,2.02875910515487590E-15,1.00000000000000000E+00,-3.755649807696332,0,1,CONSISTENT_NUMERICALLY
FINAL_CLIP_HIGH,D2,3.00000000000000006E-03,4.62962962967160534E-03,4.62962962967160361E-03,4.11951172397302529E-17,8.89814532370105581E-15,3.38271077815477383E-17,1.00000000000000000E+00,0.6457331577809476,0,1,CONSISTENT_NUMERICALLY
FINAL_CLIP_HIGH,D2,1.00000000000000002E-02,4.62962962967169035E-03,4.62962962967160361E-03,8.96367055772382707E-17,1.93615284045075685E-14,5.55111512312578270E-17,1.00000000000000000E+00,,0,1,CONSISTENT_NUMERICALLY
FINAL_CLIP_HIGH,D3,9.99999999999999955E-08,3.80536504619692767E-02,3.80536504434219811E-02,3.61236568346652829E-11,9.49282300019210197E-10,3.34103716914668780E-11,9.99999999999999889E-01,-0.6835970806469164,0,1,CONSISTENT_NUMERICALLY
FINAL_CLIP_HIGH,D3,2.99999999999999986E-07,3.80536504546838128E-02,3.80536504434219811E-02,1.70464131848106885E-11,4.47957370216305912E-10,1.31069009812190306E-11,9.99999999999999889E-01,-1.5232245100474642,0,1,CONSISTENT_NUMERICALLY
FINAL_CLIP_HIGH,D3,9.99999999999999955E-07,3.80536504451810809E-02,3.80536504434219811E-02,2.72377538192733116E-12,7.15772429205213248E-11,2.11409362238512699E-12,9.99999999999999667E-01,-0.22464440377048658,0,1,CONSISTENT_NUMERICALLY
FINAL_CLIP_HIGH,D3,3.00000000000000008E-06,3.80536504449464977E-02,3.80536504434219811E-02,2.12808352974283106E-12,5.59232427075978287E-11,1.61435448342572800E-12,1.00000000000000000E+00,-1.3802162751828035,0,1,CONSISTENT_NUMERICALLY
FINAL_CLIP_HIGH,D3,1.00000000000000008E-05,3.80536504433166070E-02,3.80536504434219811E-02,4.03927030042791823E-13,1.06146723201588505E-11,2.50802850709774816E-13,9.99999999999999889E-01,-0.9295467874056705,0,1,CONSISTENT_NUMERICALLY
FINAL_CLIP_HIGH,D3,3.00000000000000008E-05,3.80536504435610434E-02,3.80536504434219811E-02,1.45477686783202011E-13,3.82296271415448164E-12,1.00065788988246103E-13,1.00000000000000000E+00,-1.2547066527209938,0,1,CONSISTENT_NUMERICALLY
FINAL_CLIP_HIGH,D3,1.00000000000000005E-04,3.80536504434476133E-02,3.80536504434219811E-02,3.21171460414057020E-14,8.43996454141389707E-13,2.52749210449820794E-14,1.00000000000000000E+00,-1.5113192388837153,0,1,CONSISTENT_NUMERICALLY
FINAL_CLIP_HIGH,D3,2.99999999999999974E-04,3.80536504434169295E-02,3.80536504434219811E-02,6.10456067938547875E-15,1.60419844305389705E-13,4.35762537165373863E-15,9.99999999999999889E-01,-0.6176699139797609,0,1,CONSISTENT_NUMERICALLY
FINAL_CLIP_HIGH,D3,1.00000000000000002E-03,3.80536504434198786E-02,3.80536504434219811E-02,2.90193676970959483E-15,7.62590904129995012E-14,1.92207361138230187E-15,1.00000000000000000E+00,-1.1853868184277638,0,1,CONSISTENT_NUMERICALLY
FINAL_CLIP_HIGH,D3,3.00000000000000006E-03,3.80536504434222725E-02,3.80536504434219811E-02,7.89068486822334361E-16,2.07356844252172887E-14,6.59194920871186696E-16,1.00000000000000000E+00,-0.5785039001250064,0,1,CONSISTENT_NUMERICALLY
FINAL_CLIP_HIGH,D3,1.00000000000000002E-02,3.80536504434221823E-02,3.80536504434219811E-02,3.93212491342579019E-16,1.03331083026371895E-14,3.33066907387547011E-16,1.00000000000000000E+00,,0,1,CONSISTENT_NUMERICALLY
FINAL_CLIP_LOW,D1,9.99999999999999955E-08,4.16666666477167325E-02,4.16666666666666505E-02,2.49172119405701290E-11,5.98013086573683278E-10,2.23498580753655996E-11,9.99999999999999889E-01,-0.11501425071552597,0,1,CONSISTENT_NUMERICALLY
FINAL_CLIP_LOW,D1,2.99999999999999986E-07,4.16666666604560976E-02,4.16666666666666505E-02,2.19595634706419684E-11,5.27029523295407552E-10,1.53025578319976286E-11,1.00000000000000000E+00,-1.0389622195072332,0,1,CONSISTENT_NUMERICALLY
FINAL_CLIP_LOW,D1,9.99999999999999955E-07,4.16666666683436701E-02,4.16666666666666505E-02,6.28597198156098705E-12,1.50863327551391692E-10,4.21308127274144795E-12,1.00000000000000000E+00,-1.4817884198901483,0,1,CONSISTENT_NUMERICALLY
FINAL_CLIP_LOW,D1,3.00000000000000008E-06,4.16666666672865782E-02,4.16666666666666505E-02,1.23418337156447499E-12,2.96204009171067080E-11,1.17731518978203594E-12,1.00000000000000000E+00,-0.9321663174965419,0,1,CONSISTENT_NUMERICALLY
FINAL_CLIP_LOW,D1,1.00000000000000008E-05,4.16666666670453406E-02,4.16666666666666505E-02,4.01762813116857678E-13,9.64230751471695442E-12,2.66595773235067718E-13,1.00000000000000000E+00,-1.0317500559869335,0,1,CONSISTENT_NUMERICALLY
FINAL_CLIP_LOW,D1,3.00000000000000008E-05,4.16666666665981081E-02,4.16666666666666505E-02,1.29330171956077194E-13,3.10392412694585386E-12,1.23727417200569789E-13,1.00000000000000000E+00,-1.3458500245149385,0,1,CONSISTENT_NUMERICALLY
FINAL_CLIP_LOW,D1,1.00000000000000005E-04,4.16666666666666921E-02,4.16666666666666505E-02,2.55848858027177495E-14,6.14037259265225711E-13,1.74651959561344907E-14,1.00000000000000000E+00,-3.330150184660768,0,1,CONSISTENT_NUMERICALLY
FINAL_CLIP_LOW,D1,2.99999999999999974E-04,4.16666666666670529E-02,4.16666666666666505E-02,6.59322730210709416E-16,1.58237455250568793E-14,5.96744875736021640E-16,1.00000000000000000E+00,1.0587050244860763,0,1,CONSISTENT_NUMERICALLY
FINAL_CLIP_LOW,D1,1.00000000000000002E-03,4.16666666666686281E-02,4.16666666666666505E-02,2.35869834961482816E-15,5.66087603907531874E-14,1.83186799063150790E-15,1.00000000000000000E+00,-1.9372950739915722,0,1,CONSISTENT_NUMERICALLY
FINAL_CLIP_LOW,D1,3.00000000000000006E-03,4.16666666666666227E-02,4.16666666666666505E-02,2.80768089419364081E-16,6.73843414606474229E-15,2.25514051876984922E-16,1.00000000000000000E+00,0.37288661767459524,0,1,CONSISTENT_NUMERICALLY
FINAL_CLIP_LOW,D1,1.00000000000000002E-02,4.16666666666670391E-02,4.16666666666666505E-02,4.39867863156655979E-16,1.05568287157596496E-14,3.12250225675825277E-16,1.00000000000000000E+00,,0,1,CONSISTENT_NUMERICALLY
FINAL_CLIP_LOW,D2,9.99999999999999955E-08,4.65996002812292670E-02,4.65996002441076973E-02,7.47979257838766481E-11,1.60511947167937191E-09,5.09513195523503271E-11,1.00000000000000000E+00,-1.323804122362476,0,1,CONSISTENT_NUMERICALLY
FINAL_CLIP_LOW,D2,2.99999999999999986E-07,4.65996002320787778E-02,4.65996002441076973E-02,1.74692584644534906E-11,3.74880006973072492E-10,1.41008177356738397E-11,9.99999999999999778E-01,-1.2293132091822674,0,1,CONSISTENT_NUMERICALLY
FINAL_CLIP_LOW,D2,9.99999999999999955E-07,4.65996002428485170E-02,4.65996002441076973E-02,3.97642432693567877E-12,8.53317261544207833E-11,2.98773158990961503E-12,1.00000000000000000E+00,-0.5355166219728379,0,1,CONSISTENT_NUMERICALLY
FINAL_CLIP_LOW,D2,3.00000000000000008E-06,4.65996002455680500E-02,4.65996002441076973E-02,2.20793538404043315E-12,4.73809940944809580E-11,2.08993239381172202E-12,1.00000000000000000E+00,-1.9353199658888727,0,1,CONSISTENT_NUMERICALLY
FINAL_CLIP_LOW,D2,1.00000000000000008E-05,4.65996002442200172E-02,4.65996002441076973E-02,2.14807125728315694E-13,4.60963451623084003E-12,1.88963428238153597E-13,1.00000000000000000E+00,0.13987934727761667,0,1,CONSISTENT_NUMERICALLY
FINAL_CLIP_LOW,D2,3.00000000000000008E-05,4.65996002438911622E-02,4.65996002441076973E-02,2.50488673945883183E-13,5.37533954441071126E-12,1.54359164339368198E-13,1.00000000000000000E+00,-1.1164232669332137,0,1,CONSISTENT_NUMERICALLY
FINAL_CLIP_LOW,D2,1.00000000000000005E-04,4.65996002441606688E-02,4.65996002441076973E-02,6.53181832218681758E-14,1.40168977586997906E-12,4.04364042250193671E-14,1.00000000000000000E+00,-2.004844282528712,0,1,CONSISTENT_NUMERICALLY
FINAL_CLIP_LOW,D2,2.99999999999999974E-04,4.65996002441149068E-02,4.65996002441076973E-02,7.21905377742352481E-15,1.54916646057177795E-13,3.93088339656344488E-15,1.00000000000000000E+00,-0.3924310175980838,0,1,CONSISTENT_NUMERICALLY
FINAL_CLIP_LOW,D2,1.00000000000000002E-03,4.65996002441080373E-02,4.65996002441076973E-02,4.50076605078274318E-15,9.65837910026236845E-14,3.28209681654811902E-15,1.00000000000000000E+00,-0.9844887214244229,0,1,CONSISTENT_NUMERICALLY
FINAL_CLIP_LOW,D2,3.00000000000000006E-03,4.65996002441062471E-02,4.65996002441076973E-02,1.52604009697209095E-15,3.27479224924263399E-14,1.06165076729780594E-15,1.00000000000000000E+00,-2.3897996762413203,0,1,CONSISTENT_NUMERICALLY
FINAL_CLIP_LOW,D2,1.00000000000000002E-02,4.65996002441077875E-02,4.65996002441076973E-02,8.58994708914647371E-17,1.84335209833320700E-15,5.20417042793042128E-17,1.00000000000000000E+00,,0,1,CONSISTENT_NUMERICALLY
FINAL_CLIP_LOW,D3,9.99999999999999955E-08,4.56694674758548469E-02,4.56694674604155929E-02,1.08211437916793201E-10,2.36944820900317789E-09,8.59186506663167648E-11,1.00000000000000000E+00,-1.011243522373814,0,1,CONSISTENT_NUMERICALLY
FINAL_CLIP_LOW,D3,2.99999999999999986E-07,4.56694674538400819E-02,4.56694674604155929E-02,3.56276674240728120E-11,7.80120054059167798E-10,3.20564744454160389E-11,1.00000000000000000E+00,-1.79416789847386,0,1,CONSISTENT_NUMERICALLY
FINAL_CLIP_LOW,D3,9.99999999999999955E-07,4.56694674616425073E-02,4.56694674604155929E-02,4.10823359841142368E-12,8.99558025690118424E-11,3.51928555741842786E-12,1.00000000000000000E+00,-0.3541057131369731,0,1,CONSISTENT_NUMERICALLY
FINAL_CLIP_LOW,D3,3.00000000000000008E-06,4.56694674613867813E-02,4.56694674604155929E-02,2.78422140445347218E-12,6.09646128851296957E-11,1.69881361582191490E-12,1.00000000000000000E+00,-0.49897806244299314,0,1,CONSISTENT_NUMERICALLY
FINAL_CLIP_LOW,D3,1.00000000000000008E-05,4.56694674607016418E-02,4.56694674604155929E-02,1.52685833667846896E-12,3.34328036120045272E-11,1.03436530174416694E-12,1.00000000000000000E+00,-1.6453940209801674,0,1,CONSISTENT_NUMERICALLY
FINAL_CLIP_LOW,D3,3.00000000000000008E-05,4.56694674605254980E-02,4.56694674604155929E-02,2.50464560996447708E-13,5.48428906496309235E-12,2.10789719012893809E-13,1.00000000000000000E+00,-1.1526861429761752,0,1,CONSISTENT_NUMERICALLY
FINAL_CLIP_LOW,D3,1.00000000000000005E-04,4.56694674604194786E-02,4.56694674604155929E-02,6.25217608272171085E-14,1.36900569032041101E-12,5.94999310238319978E-14,1.00000000000000000E+00,-1.4971714203177995,0,1,CONSISTENT_NUMERICALLY
FINAL_CLIP_LOW,D3,2.99999999999999974E-04,4.56694674604135667E-02,4.56694674604155929E-02,1.20697672161963795E-14,2.64285262941985380E-13,1.06117371834191200E-14,1.00000000000000000E+00,0.01726896745214598,0,1,CONSISTENT_NUMERICALLY
FINAL_CLIP_LOW,D3,1.00000000000000002E-03,4.56694674604151488E-02,4.56694674604155929E-02,1.23233411175717593E-14,2.69837635576835306E-13,1.04430353253803803E-14,1.00000000000000000E+00,-1.832330478206765,0,1,CONSISTENT_NUMERICALLY
FINAL_CLIP_LOW,D3,3.00000000000000006E-03,4.56694674604150308E-02,4.56694674604155929E-02,1.64620779334553798E-15,3.60461350851617221E-14,1.22124532708767200E-15,1.00000000000000000E+00,-0.45200152028320817,0,1,CONSISTENT_NUMERICALLY
FINAL_CLIP_LOW,D3,1.00000000000000002E-02,4.56694674604159120E-02,4.56694674604155929E-02,9.55306352249316770E-16,2.09178342856160989E-14,6.80011602582908381E-16,1.00000000000000000E+00,,0,1,CONSISTENT_NUMERICALLY
I0,D1,9.99999999999999955E-08,4.16666666666712093E-02,4.16666666666666574E-02,4.25997838866367307E-11,1.02239481327916992E-09,3.46614889568108708E-11,1.00000000000000000E+00,-0.9071945957407309,0,1,CONSISTENT_NUMERICALLY
I0,D1,2.99999999999999986E-07,4.16666666796018728E-02,4.16666666666666574E-02,1.57240918572892094E-11,3.77378204457786014E-10,1.09357072008986494E-11,1.00000000000000000E+00,-1.5410720187448288,0,1,CONSISTENT_NUMERICALLY
I0,D1,9.99999999999999955E-07,4.16666666647266329E-02,4.16666666666666574E-02,2.45907496566129404E-12,5.90177991758710797E-11,1.82456480479764593E-12,1.00000000000000000E+00,-0.18582113135874914,0,1,CONSISTENT_NUMERICALLY
I0,D1,3.00000000000000008E-06,4.16666666647263831E-02,4.16666666666666574E-02,2.00499159875628310E-12,4.81197983701507975E-11,1.40076492072260805E-12,1.00000000000000000E+00,-1.0403718393812431,0,1,CONSISTENT_NUMERICALLY
I0,D1,1.00000000000000008E-05,4.16666666662785512E-02,4.16666666666666574E-02,5.72959909663528678E-13,1.37510378319246907E-11,5.41736794312797088E-13,1.00000000000000000E+00,-0.9385462006522979,0,1,CONSISTENT_NUMERICALLY
I0,D1,3.00000000000000008E-05,4.16666666668606619E-02,4.16666666666666574E-02,2.04326122905227812E-13,4.90382694970263460E-12,1.47274553663478994E-13,1.00000000000000000E+00,-0.9748727553794789,0,1,CONSISTENT_NUMERICALLY
I0,D1,1.00000000000000005E-04,4.16666666666084470E-02,4.16666666666666574E-02,6.31805862205816750E-14,1.51633406929396091E-12,4.63448723841963783E-14,1.00000000000000000E+00,-1.831399760256273,0,1,CONSISTENT_NUMERICALLY
I0,D1,2.99999999999999974E-04,4.16666666666731314E-02,4.16666666666666574E-02,8.44858348012106242E-15,2.02766003522873994E-13,6.81399381363689827E-15,1.00000000000000000E+00,-0.6521673104397626,0,1,CONSISTENT_NUMERICALLY
I0,D1,1.00000000000000002E-03,4.16666666666666574E-02,4.16666666666666574E-02,3.85282669805362035E-15,9.24678407532868695E-14,3.16760506713365015E-15,1.00000000000000000E+00,-0.3600682764263419,0,1,CONSISTENT_NUMERICALLY
I0,D1,3.00000000000000006E-03,4.16666666666647215E-02,4.16666666666666574E-02,2.59407929214540610E-15,6.22579030114897623E-14,1.88390969491081290E-15,1.00000000000000000E+00,-1.1748200470651802,0,1,CONSISTENT_NUMERICALLY
I0,D1,1.00000000000000002E-02,4.16666666666660815E-02,4.16666666666666574E-02,6.30514116977552522E-16,1.51323388074612605E-14,4.99600361081320443E-16,1.00000000000000000E+00,,0,1,CONSISTENT_NUMERICALLY
I0,D2,9.99999999999999955E-08,2.60821306093764506E-02,2.60821306203430185E-02,7.86216662785121011E-11,3.01438818104799909E-09,5.97127364915239767E-11,1.00000000000000000E+00,-1.3192387177960763,0,1,CONSISTENT_NUMERICALLY
I0,D2,2.99999999999999986E-07,2.60821306231396287E-02,2.60821306203430185E-02,1.84546329413798884E-11,7.07558489297927435E-10,1.38067161870036902E-11,1.00000000000000000E+00,-1.4768826537749162,0,1,CONSISTENT_NUMERICALLY
I0,D2,9.99999999999999955E-07,2.60821306209393401E-02,2.60821306203430185E-02,3.11799103842073716E-12,1.19545104797440892E-10,2.76647107999572484E-12,1.00000000000000000E+00,-0.8667833004003342,0,1,CONSISTENT_NUMERICALLY
I0,D2,3.00000000000000008E-06,2.60821306205093785E-02,2.60821306203430185E-02,1.20313435138002992E-12,4.61286836142887399E-11,9.07374869685284580E-13,1.00000000000000000E+00,-0.9381254005215482,0,1,CONSISTENT_NUMERICALLY
I0,D2,1.00000000000000008E-05,2.60821306202887598E-02,2.60821306203430185E-02,3.88855543329144119E-13,1.49088871990332107E-11,2.88947685223028777E-13,1.00000000000000000E+00,-1.152193746721062,0,1,CONSISTENT_NUMERICALLY
I0,D2,3.00000000000000008E-05,2.60821306203391397E-02,2.60821306203430185E-02,1.09660991516168403E-13,4.20444913463615838E-12,8.43457248489443145E-14,1.00000000000000000E+00,-0.7022256469285444,0,1,CONSISTENT_NUMERICALLY
I0,D2,1.00000000000000005E-04,2.60821306203582598E-02,2.60821306203430185E-02,4.70839948072819498E-14,1.80522042054842000E-12,4.20444928872498672E-14,1.00000000000000000E+00,-1.57856975711698,0,1,CONSISTENT_NUMERICALLY
I0,D2,2.99999999999999974E-04,2.60821306203445485E-02,2.60821306203430185E-02,8.31197292601461270E-15,3.18684583211584587E-13,6.48960052362923534E-15,1.00000000000000000E+00,-0.12910039421464609,0,1,CONSISTENT_NUMERICALLY
I0,D2,1.00000000000000002E-03,2.60821306203420193E-02,2.60821306203430185E-02,7.11541553788735869E-15,2.72808063170177520E-13,5.20763987488237490E-15,1.00000000000000000E+00,-1.4080647601999168,0,1,CONSISTENT_NUMERICALLY
I0,D2,3.00000000000000006E-03,2.60821306203427514E-02,2.60821306203430185E-02,1.51489538552219798E-15,5.80817344860868196E-14,1.33226762955018805E-15,1.00000000000000000E+00,-1.8124648969555934,0,1,CONSISTENT_NUMERICALLY
I0,D2,1.00000000000000002E-02,2.60821306203428485E-02,2.60821306203430185E-02,1.70876866533282811E-16,6.55149186316879031E-15,8.67361737988403547E-17,1.00000000000000000E+00,,0,1,CONSISTENT_NUMERICALLY
I0,D3,9.99999999999999955E-08,4.06995775964298367E-02,4.06995775430517917E-02,6.43388459117995799E-11,1.58082343138232893E-09,4.82634626708389192E-11,9.99999999999999889E-01,-0.8661164189350369,0,1,CONSISTENT_NUMERICALLY
I0,D3,2.99999999999999986E-07,4.06995775495316570E-02,4.06995775430517917E-02,2.48445258836157915E-11,6.10436947493615522E-10,1.94982224810402694E-11,9.99999999999999889E-01,-0.9144377248146501,0,1,CONSISTENT_NUMERICALLY
I0,D3,9.99999999999999955E-07,4.06995775502013712E-02,4.06995775430517917E-02,8.26210411026484495E-12,2.03002208071419296E-10,6.54962889479193677E-12,1.00000000000000000E+00,-1.3140577397324638,0,1,CONSISTENT_NUMERICALLY
I0,D3,3.00000000000000008E-06,4.06995775443574834E-02,4.06995775430517917E-02,1.95040941892245205E-12,4.79221047637840693E-11,1.41336595205210398E-12,1.00000000000000000E+00,-1.0303019757148935,0,1,CONSISTENT_NUMERICALLY
I0,D3,1.00000000000000008E-05,4.06995775429674911E-02,4.06995775430517917E-02,5.64160637329530774E-13,1.38615846007925907E-11,5.23012189113103432E-13,9.99999999999999889E-01,-1.1496019060978557,0,1,CONSISTENT_NUMERICALLY
I0,D3,3.00000000000000008E-05,4.06995775430833498E-02,4.06995775430517917E-02,1.59552376525546696E-13,3.92024650272227763E-12,1.07382852609916300E-13,1.00000000000000000E+00,-0.7667186846616271,0,1,CONSISTENT_NUMERICALLY
I0,D3,1.00000000000000005E-04,4.06995775430975329E-02,4.06995775430517917E-02,6.33873175563780733E-14,1.55744411570994992E-12,5.90118232057790237E-14,1.00000000000000000E+00,-1.8170454010823631,0,1,CONSISTENT_NUMERICALLY
I0,D3,2.99999999999999974E-04,4.06995775430580020E-02,4.06995775430517917E-02,8.61095643256551811E-15,2.11573607206501888E-13,6.18602391533329410E-15,1.00000000000000000E+00,-0.17164802029427018,0,1,CONSISTENT_NUMERICALLY
I0,D3,1.00000000000000002E-03,4.06995775430490370E-02,4.06995775430517917E-02,7.00326065068211068E-15,1.72072072327387195E-13,6.29704621779580975E-15,1.00000000000000000E+00,-1.0309385392610602,0,1,CONSISTENT_NUMERICALLY
I0,D3,3.00000000000000006E-03,4.06995775430520623E-02,4.06995775430517917E-02,2.25640784520882796E-15,5.54405716575803897E-14,1.41900380334902801E-15,9.99999999999999889E-01,-1.0024124901103049,0,1,CONSISTENT_NUMERICALLY
I0,D3,1.00000000000000002E-02,4.06995775430522774E-02,4.06995775430517917E-02,6.74959036200113622E-16,1.65839322407250413E-14,5.46437894932694235E-16,1.00000000000000000E+00,,0,1,CONSISTENT_NUMERICALLY
I1,D1,9.99999999999999955E-08,4.16666666663514582E-02,4.16666666666666574E-02,2.26250745145192012E-11,5.43001788348460907E-10,1.58446519793464802E-11,1.00000000000000000E+00,-0.876602001824798,0,1,CONSISTENT_NUMERICALLY
I1,D1,2.99999999999999986E-07,4.16666666732180696E-02,4.16666666666666574E-02,8.63663510675100048E-12,2.07279242529432708E-10,5.29729038412085629E-12,1.00000000000000000E+00,-0.46787242379374594,0,1,CONSISTENT_NUMERICALLY
I1,D1,9.99999999999999955E-07,4.16666666628074667E-02,4.16666666666666574E-02,4.91704321566681539E-12,1.18009037176003608E-10,3.91842808200593140E-12,9.99999999999999889E-01,-1.736927405982735,0,1,CONSISTENT_NUMERICALLY
I1,D1,3.00000000000000008E-06,4.16666666660487767E-02,4.16666666666666574E-02,7.29422309253853236E-13,1.75061354220924801E-11,5.93542576199368455E-13,1.00000000000000000E+00,0.05936501181693022,0,1,CONSISTENT_NUMERICALLY
I1,D1,1.00000000000000008E-05,4.16666666658899870E-02,4.16666666666666574E-02,7.83465261655303782E-13,1.88031662797272908E-11,4.59823151777172257E-13,1.00000000000000000E+00,-1.5646980482615755,0,1,CONSISTENT_NUMERICALLY
I1,D1,3.00000000000000008E-05,4.16666666667948465E-02,4.16666666666666574E-02,1.40432959673683999E-13,3.37039103215804815E-12,9.85427017763385038E-14,9.99999999999999889E-01,-2.134254412815921,0,1,CONSISTENT_NUMERICALLY
I1,D1,1.00000000000000005E-04,4.16666666666670876E-02,4.16666666666666574E-02,1.07525824002684198E-14,2.58061977606439488E-13,7.46624984060417773E-15,9.99999999999999889E-01,-3.7396521834961516,0,1,CONSISTENT_NUMERICALLY
I1,D1,2.99999999999999974E-04,4.16666666666665672E-02,4.16666666666666574E-02,1.76703534835548900E-16,4.24088483605317537E-15,1.17961196366422907E-16,1.00000000000000000E+00,2.3024930507039163,0,1,CONSISTENT_NUMERICALLY
I1,D1,1.00000000000000002E-03,4.16666666666646729E-02,4.16666666666666574E-02,2.82598540602738881E-15,6.78236497446573567E-14,2.04350425470067915E-15,9.99999999999999889E-01,-1.16734915623334,0,1,CONSISTENT_NUMERICALLY
I1,D1,3.00000000000000006E-03,4.16666666666660329E-02,4.16666666666666574E-02,7.83795599039105925E-16,1.88110943769385501E-14,7.00828284294630066E-16,9.99999999999999889E-01,-0.23390171765847134,0,1,CONSISTENT_NUMERICALLY
I1,D1,1.00000000000000002E-02,4.16666666666660884E-02,4.16666666666666574E-02,5.91426233005587379E-16,1.41942295921341003E-14,3.60822483003175876E-16,1.00000000000000000E+00,,0,1,CONSISTENT_NUMERICALLY
I1,D2,9.99999999999999955E-08,2.22303981902229400E-02,2.22303981626316392E-02,2.85847957169714188E-11,1.28584272186105908E-09,1.86636591598121594E-11,1.00000000000000000E+00,-1.077125713373836,0,1,CONSISTENT_NUMERICALLY
I1,D2,2.99999999999999986E-07,2.22303981603478897E-02,2.22303981626316392E-02,8.75418097345475020E-12,3.93793260445067514E-10,6.96462505722639236E-12,1.00000000000000000E+00,-0.9459349981846593,0,1,CONSISTENT_NUMERICALLY
I1,D2,9.99999999999999955E-07,2.22303981622110208E-02,2.22303981626316392E-02,2.80289104145715509E-12,1.26083708485648996E-10,2.26641795608717404E-12,1.00000000000000000E+00,-1.1894689533971368,0,1,CONSISTENT_NUMERICALLY
I1,D2,3.00000000000000008E-06,2.22303981629607510E-02,2.22303981626316392E-02,7.58726575277434056E-13,3.41301388178277830E-11,5.84589668339852153E-13,9.99999999999999778E-01,0.05308994646764399,0,1,CONSISTENT_NUMERICALLY
I1,D2,1.00000000000000008E-05,2.22303981625951892E-02,2.22303981626316392E-02,8.08806998677985898E-13,3.63829290308239475E-11,5.00563132610487571E-13,1.00000000000000000E+00,-1.7257124100219752,0,1,CONSISTENT_NUMERICALLY
I1,D2,3.00000000000000008E-05,2.22303981625940408E-02,2.22303981626316392E-02,1.21470503100888396E-13,5.46416227960663599E-12,8.53622728058667235E-14,1.00000000000000000E+00,-0.7256879079035359,0,1,CONSISTENT_NUMERICALLY
I1,D2,1.00000000000000005E-04,2.22303981626544092E-02,2.22303981626316392E-02,5.07018781825297071E-14,2.28074539248269015E-12,4.51028103753969781E-14,1.00000000000000000E+00,-2.568684709518064,0,1,CONSISTENT_NUMERICALLY
I1,D2,2.99999999999999974E-04,2.22303981626346403E-02,2.22303981626316392E-02,3.01612944103555119E-15,1.35675907330581711E-13,1.73472347597680709E-15,1.00000000000000000E+00,-0.47853844085605696,0,1,CONSISTENT_NUMERICALLY
I1,D2,1.00000000000000002E-03,2.22303981626325586E-02,2.22303981626316392E-02,1.69524470428944404E-15,7.62579550706837330E-14,1.36869682254570099E-15,1.00000000000000000E+00,-0.38534237618310724,0,1,CONSISTENT_NUMERICALLY
I1,D2,3.00000000000000006E-03,2.22303981626308308E-02,2.22303981626316392E-02,1.11013899577686599E-15,4.99378817983999527E-14,9.78384040450919201E-16,1.00000000000000000E+00,-0.5337376392180945,0,1,CONSISTENT_NUMERICALLY
I1,D2,1.00000000000000002E-02,2.22303981626316011E-02,2.22303981626316392E-02,5.83844631583480585E-16,2.62633456815406393E-14,4.25007251614317689E-16,1.00000000000000000E+00,,0,1,CONSISTENT_NUMERICALLY
I1,D3,9.99999999999999955E-08,4.00136508511244327E-02,4.00136507859885915E-02,9.73079658885108004E-11,2.43186922009583015E-09,7.47089334840467245E-11,1.00000000000000000E+00,-1.4886206910807986,0,1,CONSISTENT_NUMERICALLY
I1,D3,2.99999999999999986E-07,4.00136507797605803E-02,4.00136507859885915E-02,1.89625099460072490E-11,4.73901020614876521E-10,1.22559722787185505E-11,1.00000000000000000E+00,-0.6888421519888104,0,1,CONSISTENT_NUMERICALLY
I1,D3,9.99999999999999955E-07,4.00136507922203497E-02,4.00136507859885915E-02,8.27398828263786284E-12,2.06779139589195693E-10,6.51261683470849562E-12,1.00000000000000000E+00,-1.6726892134953681,0,1,CONSISTENT_NUMERICALLY
I1,D3,3.00000000000000008E-06,4.00136507867543609E-02,4.00136507859885915E-02,1.31716240125542993E-12,3.29178261757471807E-11,1.05546474338247305E-12,1.00000000000000000E+00,-0.21846528718215918,0,1,CONSISTENT_NUMERICALLY
I1,D3,1.00000000000000008E-05,4.00136507860225504E-02,4.00136507859885915E-02,1.01253132945513408E-12,2.53046475281587889E-11,8.70799959917789579E-13,1.00000000000000000E+00,-1.653725901327746,0,1,CONSISTENT_NUMERICALLY
I1,D3,3.00000000000000008E-05,4.00136507861207011E-02,4.00136507859885915E-02,1.64581377492833204E-13,4.11313075061675230E-12,1.09693504279917395E-13,1.00000000000000000E+00,-0.7030897379762844,0,1,CONSISTENT_NUMERICALLY
I1,D3,1.00000000000000005E-04,4.00136507860496676E-02,4.00136507859885915E-02,7.05911103157016367E-14,1.76417569826726402E-12,4.73128480837914430E-14,1.00000000000000000E+00,-3.0463805027673945,0,1,CONSISTENT_NUMERICALLY
I1,D3,2.99999999999999974E-04,4.00136507859892923E-02,4.00136507859885915E-02,2.48460368532233400E-15,6.20939013690876098E-14,2.08860706507607614E-15,1.00000000000000000E+00,0.9199228647712832,0,1,CONSISTENT_NUMERICALLY
I1,D3,1.00000000000000002E-03,4.00136507859901319E-02,4.00136507859885915E-02,7.52082075775430989E-15,1.87956375137545703E-13,5.28049826087340080E-15,1.00000000000000000E+00,-1.3301950783989602,0,1,CONSISTENT_NUMERICALLY
I1,D3,3.00000000000000006E-03,4.00136507859870025E-02,4.00136507859885915E-02,1.74421852011634006E-15,4.35905868586004081E-14,1.09981468376929609E-15,1.00000000000000000E+00,-1.2249635106020988,0,1,CONSISTENT_NUMERICALLY
I1,D3,1.00000000000000002E-02,4.00136507859888274E-02,4.00136507859885915E-02,3.99110827626255896E-16,9.97436674201216348E-15,3.29597460435593299E-16,1.00000000000000000E+00,,0,1,CONSISTENT_NUMERICALLY
I2,D1,9.99999999999999955E-08,4.16666666479877795E-02,4.16666666666666574E-02,2.48495657817638388E-11,5.96389578762332286E-10,2.34340671867450112E-11,1.00000000000000000E+00,-0.5740351285429321,0,1,CONSISTENT_NUMERICALLY
I2,D1,2.99999999999999986E-07,4.16666666601850505E-02,4.16666666666666574E-02,1.32261804464875903E-11,3.17428330715702116E-10,1.09657456726086606E-11,1.00000000000000000E+00,-0.9723749220682287,0,1,CONSISTENT_NUMERICALLY
I2,D1,9.99999999999999955E-07,4.16666666687231374E-02,4.16666666666666574E-02,4.10204352694314114E-12,9.84490446417763862E-11,3.45414322144854720E-12,1.00000000000000000E+00,-1.3254300789781959,0,1,CONSISTENT_NUMERICALLY
I2,D1,3.00000000000000008E-06,4.16666666672865782E-02,4.16666666666666574E-02,9.56333572267441632E-13,2.29520057340771206E-11,9.24336995833385799E-13,9.99999999999999889E-01,-0.6565165841390102,0,1,CONSISTENT_NUMERICALLY
I2,D1,1.00000000000000008E-05,4.16666666670683777E-02,4.16666666666666574E-02,4.33841241533337720E-13,1.04121897966997208E-11,2.93699092823729302E-13,1.00000000000000000E+00,-1.4484798603037605,0,1,CONSISTENT_NUMERICALLY
I2,D1,3.00000000000000008E-05,4.16666666666062405E-02,4.16666666666666574E-02,8.83548320878419949E-14,2.12051597010820818E-12,8.39710245781333242E-14,1.00000000000000000E+00,-0.9893269733387865,0,1,CONSISTENT_NUMERICALLY
I2,D1,1.00000000000000005E-04,4.16666666666661370E-02,4.16666666666666574E-02,2.68492562221040106E-14,6.44382149330496305E-13,2.07195371970669808E-14,1.00000000000000000E+00,-4.133327602629966,0,1,CONSISTENT_NUMERICALLY
I2,D1,2.99999999999999974E-04,4.16666666666667823E-02,4.16666666666666574E-02,2.86308213745225506E-16,6.87139712988539282E-15,2.42861286636752993E-16,9.99999999999999889E-01,1.7804059719232488,0,1,CONSISTENT_NUMERICALLY
I2,D1,1.00000000000000002E-03,4.16666666666685725E-02,4.16666666666666574E-02,2.44213826304861509E-15,5.86113183131640768E-14,2.15105711021124119E-15,1.00000000000000000E+00,-2.379166337174449,0,1,CONSISTENT_NUMERICALLY
I2,D1,3.00000000000000006E-03,4.16666666666666782E-02,4.16666666666666574E-02,1.78903740216031802E-16,4.29368976518475971E-15,1.28369537222283700E-16,9.99999999999999889E-01,0.7801816715182022,0,1,CONSISTENT_NUMERICALLY
I2,D1,1.00000000000000002E-02,4.16666666666670529E-02,4.16666666666666574E-02,4.57677785758077559E-16,1.09842668581937604E-14,3.19189119579732505E-16,1.00000000000000000E+00,,0,1,CONSISTENT_NUMERICALLY
I2,D2,9.99999999999999955E-08,2.13268619618236302E-02,2.13268619526712500E-02,6.38509915669083505E-11,2.99392342301485689E-09,4.20037858661626018E-11,9.99999999999999889E-01,-1.5086596372410543,0,1,CONSISTENT_NUMERICALLY
I2,D2,2.99999999999999986E-07,2.13268619469230390E-02,2.13268619526712500E-02,1.21717792339832497E-11,5.70725278805431686E-10,1.16461250365684793E-11,9.99999999999999778E-01,-1.1607715742513165,0,1,CONSISTENT_NUMERICALLY
I2,D2,9.99999999999999955E-07,2.13268619520757298E-02,2.13268619526712500E-02,3.00892444371783609E-12,1.41086131208391790E-10,2.56170779033837408E-12,9.99999999999999889E-01,-0.6623112091266481,0,1,CONSISTENT_NUMERICALLY
I2,D2,3.00000000000000008E-06,2.13268619534174413E-02,2.13268619526712500E-02,1.45347821653630995E-12,6.81524651733117865E-11,1.43658175633110099E-12,9.99999999999999889E-01,-2.1531097691970627,0,1,CONSISTENT_NUMERICALLY
I2,D2,1.00000000000000008E-05,2.13268619527620697E-02,2.13268619526712500E-02,1.08791056103418499E-13,5.10112816148879537E-12,8.49424697246803362E-14,9.99999999999999889E-01,0.12139078717106408,0,1,CONSISTENT_NUMERICALLY
I2,D2,3.00000000000000008E-05,2.13268619525819603E-02,2.13268619526712500E-02,1.24311503018965292E-13,5.82886986818963088E-12,1.02985328598315094E-13,1.00000000000000000E+00,-1.0291483406977988,0,1,CONSISTENT_NUMERICALLY
I2,D2,1.00000000000000005E-04,2.13268619526957096E-02,2.13268619526712500E-02,3.60073801930476877E-14,1.68835810317121599E-12,2.10335221462187892E-14,1.00000000000000000E+00,-2.3640869668303934,0,1,CONSISTENT_NUMERICALLY
I2,D2,2.99999999999999974E-04,2.13268619526738902E-02,2.13268619526712500E-02,2.68185556399439105E-15,1.25750125355791001E-13,1.65319147260589696E-15,9.99999999999999889E-01,0.11289393734729418,0,1,CONSISTENT_NUMERICALLY
I2,D2,1.00000000000000002E-03,2.13268619526714200E-02,2.13268619526712500E-02,3.07231134645112006E-15,1.44058293867573893E-13,2.23258911358215112E-15,9.99999999999999889E-01,-1.4772089526605203,0,1,CONSISTENT_NUMERICALLY
I2,D2,3.00000000000000006E-03,2.13268619526706914E-02,2.13268619526712500E-02,6.06257934841774610E-16,2.84269639006051187E-14,4.52762827229946652E-16,1.00000000000000000E+00,-1.4583091293930752,0,1,CONSISTENT_NUMERICALLY
I2,D2,1.00000000000000002E-02,2.13268619526713506E-02,2.13268619526712500E-02,1.04746275121987201E-16,4.91147152142872791E-15,6.07153216591882483E-17,9.99999999999999778E-01,,0,1,CONSISTENT_NUMERICALLY
I2,D3,9.99999999999999955E-08,3.97749044553927580E-02,3.97749044394800078E-02,6.17033788024164818E-11,1.55131431859544308E-09,5.08605449422994127E-11,1.00000000000000000E+00,-0.8927769729384434,0,1,CONSISTENT_NUMERICALLY
I2,D3,2.99999999999999986E-07,3.97749044457412701E-02,3.97749044394800078E-02,2.31390794092234407E-11,5.81750722765116913E-10,2.01257517595809787E-11,9.99999999999999889E-01,-2.0663794498413917,0,1,CONSISTENT_NUMERICALLY
I2,D3,9.99999999999999955E-07,3.97749044409732092E-02,3.97749044394800078E-02,1.92256124010625198E-12,4.83360366826115983E-11,1.66328062434217807E-12,1.00000000000000000E+00,0.22434375707979898,0,1,CONSISTENT_NUMERICALLY
I2,D3,3.00000000000000008E-06,3.97749044408685429E-02,3.97749044394800078E-02,2.45991078914896498E-12,6.18458001025746648E-11,1.76659381567745299E-12,1.00000000000000000E+00,-0.8946756311575641,0,1,CONSISTENT_NUMERICALLY
I2,D3,1.00000000000000008E-05,3.97749044395181925E-02,3.97749044394800078E-02,8.37746237201566108E-13,2.10621810160586308E-11,5.74738173719779866E-13,9.99999999999999889E-01,-1.408313221836678,0,1,CONSISTENT_NUMERICALLY
I2,D3,3.00000000000000008E-05,3.97749044396154897E-02,3.97749044394800078E-02,1.78310252256651596E-13,4.48298380018371621E-12,1.27328703136697590E-13,9.99999999999999889E-01,-1.2732334684952538,0,1,CONSISTENT_NUMERICALLY
I2,D3,1.00000000000000005E-04,3.97749044394992493E-02,3.97749044394800078E-02,3.84972401236617897E-14,9.67877627015273247E-13,3.72913505630734221E-14,9.99999999999999889E-01,-1.4326792509656354,0,1,CONSISTENT_NUMERICALLY
I2,D3,2.99999999999999974E-04,3.97749044394757612E-02,3.97749044394800078E-02,7.97751949402734121E-15,2.00566653935413806E-13,6.79838130235310700E-15,1.00000000000000000E+00,-0.24131234342820854,0,1,CONSISTENT_NUMERICALLY
I2,D3,1.00000000000000002E-03,3.97749044394786130E-02,3.97749044394800078E-02,5.96610343859995474E-15,1.49996675609309212E-13,5.01682029252492612E-15,1.00000000000000000E+00,-1.6260166914075849,0,1,CONSISTENT_NUMERICALLY
I2,D3,3.00000000000000006E-03,3.97749044394801465E-02,3.97749044394800078E-02,9.99732141078446207E-16,2.51347465233913287E-14,7.11236625150490909E-16,9.99999999999999889E-01,-0.43384856041909586,0,1,CONSISTENT_NUMERICALLY
I2,D3,1.00000000000000002E-02,3.97749044394802367E-02,3.97749044394800078E-02,5.92971013232811514E-16,1.49081693995029115E-14,3.78169717762943897E-16,1.00000000000000000E+00,,0,1,CONSISTENT_NUMERICALLY
LIMITER_INACT,D1,9.99999999999999955E-08,4.16666666485298806E-02,4.16666666666666574E-02,2.47255978810070510E-11,5.93414349144169328E-10,2.34340671867450112E-11,1.00000000000000000E+00,-0.4406302286413446,0,1,CONSISTENT_NUMERICALLY
LIMITER_INACT,D1,2.99999999999999986E-07,4.16666666603657601E-02,4.16666666666666574E-02,1.52374661681989201E-11,3.65699188036774186E-10,1.24113427868444100E-11,9.99999999999999889E-01,-0.9683425162422501,0,1,CONSISTENT_NUMERICALLY
LIMITER_INACT,D1,9.99999999999999955E-07,4.16666666687231374E-02,4.16666666666666574E-02,4.74883450099558360E-12,1.13972028018268894E-10,3.99624777713825097E-12,1.00000000000000000E+00,-1.4234602665100775,0,1,CONSISTENT_NUMERICALLY
LIMITER_INACT,D1,3.00000000000000008E-06,4.16666666672639921E-02,4.16666666666666574E-02,9.94085836400351504E-13,2.38580600732664115E-11,9.60481694178838552E-13,9.99999999999999889E-01,-0.7056560390019277,0,1,CONSISTENT_NUMERICALLY
LIMITER_INACT,D1,1.00000000000000008E-05,4.16666666670710908E-02,4.16666666666666574E-02,4.25061080441789790E-13,1.02014659305039401E-11,2.88276347237825803E-13,1.00000000000000000E+00,-1.2732999763010642,0,1,CONSISTENT_NUMERICALLY
LIMITER_INACT,D1,3.00000000000000008E-05,4.16666666666044433E-02,4.16666666666666574E-02,1.04938018530189397E-13,2.51851244472454714E-12,1.02036434856955806E-13,9.99999999999999889E-01,-1.1731866855027597,0,1,CONSISTENT_NUMERICALLY
LIMITER_INACT,D1,1.00000000000000005E-04,4.16666666666660121E-02,4.16666666666666574E-02,2.55563294104494616E-14,6.13351905850787103E-13,2.01817729195141706E-14,1.00000000000000000E+00,-4.095544274629375,0,1,CONSISTENT_NUMERICALLY
LIMITER_INACT,D1,2.99999999999999974E-04,4.16666666666667823E-02,4.16666666666666574E-02,2.84071231682874183E-16,6.81770956038896067E-15,2.42861286636752993E-16,9.99999999999999889E-01,1.7592881987185462,0,1,CONSISTENT_NUMERICALLY
LIMITER_INACT,D1,1.00000000000000002E-03,4.16666666666686489E-02,4.16666666666666574E-02,2.36222716911279796E-15,5.66934520587044469E-14,1.82839854367955507E-15,1.00000000000000000E+00,-2.559482877434303,0,1,CONSISTENT_NUMERICALLY
LIMITER_INACT,D1,3.00000000000000006E-03,4.16666666666666366E-02,4.16666666666666574E-02,1.41950843756391391E-16,3.40682025015339515E-15,1.21430643318376497E-16,1.00000000000000000E+00,0.9723274875286573,0,1,CONSISTENT_NUMERICALLY
LIMITER_INACT,D1,1.00000000000000002E-02,4.16666666666670529E-02,4.16666666666666574E-02,4.57664635420155975E-16,1.09839512500836393E-14,3.12250225675825277E-16,1.00000000000000000E+00,,0,1,CONSISTENT_NUMERICALLY
LIMITER_INACT,D2,9.99999999999999955E-08,2.72001923163288917E-02,2.72001923011850610E-02,6.44602150184416728E-11,2.36984409039434510E-09,3.86072007696469719E-11,9.99999999999999889E-01,-1.4649142474834946,0,1,CONSISTENT_NUMERICALLY
LIMITER_INACT,D2,2.99999999999999986E-07,2.72001922934702912E-02,2.72001923011850610E-02,1.28928825318165298E-11,4.73999683129255213E-10,1.16274993106069098E-11,1.00000000000000000E+00,-1.2170725546058403,0,1,CONSISTENT_NUMERICALLY
LIMITER_INACT,D2,9.99999999999999955E-07,2.72001923006892701E-02,2.72001923011850610E-02,2.97830146772664690E-12,1.09495603367366198E-10,2.53827514562488017E-12,9.99999999999999889E-01,-0.5516605514791197,0,1,CONSISTENT_NUMERICALLY
LIMITER_INACT,D2,3.00000000000000008E-06,2.72001923021258397E-02,2.72001923011850610E-02,1.62464949925705192E-12,5.97293387197882860E-11,1.59976545899276305E-12,1.00000000000000000E+00,-2.070377249262427,0,1,CONSISTENT_NUMERICALLY
LIMITER_INACT,D2,1.00000000000000008E-05,2.72001923012720297E-02,2.72001923011850610E-02,1.34339405688772592E-13,4.93891382093244212E-12,1.18021911688082096E-13,9.99999999999999889E-01,0.10434317351416354,0,1,CONSISTENT_NUMERICALLY
LIMITER_INACT,D2,3.00000000000000008E-05,2.72001923010633216E-02,2.72001923011850610E-02,1.50656463472166395E-13,5.53880141007688768E-12,1.13273973534333499E-13,1.00000000000000000E+00,-1.049361314323139,0,1,CONSISTENT_NUMERICALLY
LIMITER_INACT,D2,1.00000000000000005E-04,2.72001923012141593E-02,2.72001923011850610E-02,4.25891567375359726E-14,1.56576675142237406E-12,2.69506639227756813E-14,9.99999999999999889E-01,-2.1791815610685377,0,1,CONSISTENT_NUMERICALLY
LIMITER_INACT,D2,2.99999999999999974E-04,2.72001923011889087E-02,2.72001923011850610E-02,3.88655842339491663E-15,1.42887167133190994E-13,2.37657116208822611E-15,9.99999999999999889E-01,-0.12673685397886467,0,1,CONSISTENT_NUMERICALLY
LIMITER_INACT,D2,1.00000000000000002E-03,2.72001923011853802E-02,2.72001923011850610E-02,3.33654658824175287E-15,1.22666286741522305E-13,2.33493779866478195E-15,9.99999999999999889E-01,-1.2700802364990793,0,1,CONSISTENT_NUMERICALLY
LIMITER_INACT,D2,3.00000000000000006E-03,2.72001923011842804E-02,2.72001923011850610E-02,8.26637146555370797E-16,3.03908567043239525E-14,5.77662917500276762E-16,9.99999999999999889E-01,-1.8169672372002257,0,1,CONSISTENT_NUMERICALLY
LIMITER_INACT,D2,1.00000000000000002E-02,2.72001923011851512E-02,2.72001923011850610E-02,9.27387778003584100E-17,3.40948978497911703E-15,5.20417042793042128E-17,1.00000000000000000E+00,,0,1,CONSISTENT_NUMERICALLY
LIMITER_INACT,D3,9.99999999999999955E-08,4.09165420566405674E-02,4.09165420402375427E-02,7.31499153208366928E-11,1.78778341580223493E-09,6.17880573094975460E-11,9.99999999999999889E-01,-0.9235380749195985,0,1,CONSISTENT_NUMERICALLY
LIMITER_INACT,D3,2.99999999999999986E-07,4.09165420434751681E-02,4.09165420402375427E-02,2.65200404710516610E-11,6.48149602741924085E-10,2.37994866869595289E-11,1.00000000000000000E+00,-1.9643457343472792,0,1,CONSISTENT_NUMERICALLY
LIMITER_INACT,D3,9.99999999999999955E-07,4.09165420418377904E-02,4.09165420402375427E-02,2.49149230164346412E-12,6.08920543455474557E-11,1.79161546709494206E-12,1.00000000000000000E+00,-0.0055755485709184545,0,1,CONSISTENT_NUMERICALLY
LIMITER_INACT,D3,3.00000000000000008E-06,4.09165420414767528E-02,4.09165420402375427E-02,2.47627764419443598E-12,6.05202082249339367E-11,1.68176236825523497E-12,9.99999999999999889E-01,-0.7598400642699507,0,1,CONSISTENT_NUMERICALLY
LIMITER_INACT,D3,1.00000000000000008E-05,4.09165420403174510E-02,4.09165420402375427E-02,9.91962187022065903E-13,2.42435488816388185E-11,6.65304616953577010E-13,1.00000000000000000E+00,-1.52320362924098,0,1,CONSISTENT_NUMERICALLY
LIMITER_INACT,D3,3.00000000000000008E-05,4.09165420403673000E-02,4.09165420402375427E-02,1.86098250623943698E-13,4.54823993778222003E-12,1.40013001193040105E-13,1.00000000000000000E+00,-1.1918583707490737,0,1,CONSISTENT_NUMERICALLY
LIMITER_INACT,D3,1.00000000000000005E-04,4.09165420402523503E-02,4.09165420402375427E-02,4.43144007866808084E-14,1.08304364389067309E-12,4.35328856296379677E-14,9.99999999999999889E-01,-1.4344835712341328,0,1,CONSISTENT_NUMERICALLY
LIMITER_INACT,D3,2.99999999999999974E-04,4.09165420402335875E-02,4.09165420402375427E-02,9.16478497214688701E-15,2.23987280331123492E-13,8.14626144318708612E-15,9.99999999999999889E-01,-0.1620551736950787,0,1,CONSISTENT_NUMERICALLY
LIMITER_INACT,D3,1.00000000000000002E-03,4.09165420402362312E-02,4.09165420402375427E-02,7.54027306768537323E-15,1.84284220799260789E-13,6.48092690624935130E-15,1.00000000000000000E+00,-1.7487932243773239,0,1,CONSISTENT_NUMERICALLY
LIMITER_INACT,D3,3.00000000000000006E-03,4.09165420402375565E-02,4.09165420402375427E-02,1.10408028882667603E-15,2.69837145020934814E-14,7.28583859910258980E-16,1.00000000000000000E+00,-0.4483924303524523,0,1,CONSISTENT_NUMERICALLY
LIMITER_INACT,D3,1.00000000000000002E-02,4.09165420402377925E-02,4.09165420402375427E-02,6.43495901389751001E-16,1.57270353090182895E-14,4.37150315946155388E-16,9.99999999999999889E-01,,0,1,CONSISTENT_NUMERICALLY
LIMITER_OFF,D1,9.99999999999999955E-08,4.16666666481233031E-02,4.16666666666666574E-02,2.45941207094297199E-11,5.90258897026313458E-10,2.31630166436236416E-11,1.00000000000000000E+00,-0.5539199206647875,0,1,CONSISTENT_NUMERICALLY
LIMITER_OFF,D1,2.99999999999999986E-07,4.16666666602302296E-02,4.16666666666666574E-02,1.33827181868052401E-11,3.21185236483325891E-10,1.13271406143589104E-11,1.00000000000000000E+00,-0.9821472703800374,0,1,CONSISTENT_NUMERICALLY
LIMITER_OFF,D1,9.99999999999999955E-07,4.16666666687231374E-02,4.16666666666666574E-02,4.10204481074273931E-12,9.84490754529667489E-11,3.45414669089549915E-12,1.00000000000000000E+00,-1.2940370351355603,0,1,CONSISTENT_NUMERICALLY
LIMITER_OFF,D1,3.00000000000000008E-06,4.16666666672865782E-02,4.16666666666666574E-02,9.89892027319552665E-13,2.37574086553158010E-11,9.60481694178838552E-13,9.99999999999999889E-01,-0.7122962937485791,0,1,CONSISTENT_NUMERICALLY
LIMITER_OFF,D1,1.00000000000000008E-05,4.16666666670602523E-02,4.16666666666666574E-02,4.19897446963773280E-13,1.00775387270353708E-11,2.93695623376777298E-13,9.99999999999999889E-01,-1.352967802119377,0,1,CONSISTENT_NUMERICALLY
LIMITER_OFF,D1,3.00000000000000008E-05,4.16666666666053384E-02,4.16666666666666574E-02,9.49759264763904921E-14,2.27942223543337292E-12,9.11944131321007490E-14,1.00000000000000000E+00,-1.0407652049689105,0,1,CONSISTENT_NUMERICALLY
LIMITER_OFF,D1,1.00000000000000005E-04,4.16666666666664076E-02,4.16666666666666574E-02,2.71281097786018101E-14,6.51074634686443619E-13,2.07230066440189407E-14,1.00000000000000000E+00,-3.376681987802874,0,1,CONSISTENT_NUMERICALLY
LIMITER_OFF,D1,2.99999999999999974E-04,4.16666666666670529E-02,4.16666666666666574E-02,6.64251872604899621E-16,1.59420449425174387E-14,6.03683769639928869E-16,1.00000000000000000E+00,1.0038457027914747,0,1,CONSISTENT_NUMERICALLY
LIMITER_OFF,D1,1.00000000000000002E-03,4.16666666666684893E-02,4.16666666666666574E-02,2.22444856885759407E-15,5.33867656525799289E-14,1.82839854367955507E-15,9.99999999999999889E-01,-2.377536732980976,0,1,CONSISTENT_NUMERICALLY
LIMITER_OFF,D1,3.00000000000000006E-03,4.16666666666666990E-02,4.16666666666666574E-02,1.63248447482536196E-16,3.91796273958086535E-15,1.31838984174237290E-16,1.00000000000000000E+00,0.8421399819983872,0,1,CONSISTENT_NUMERICALLY
LIMITER_OFF,D1,1.00000000000000002E-02,4.16666666666670529E-02,4.16666666666666574E-02,4.49972690800075748E-16,1.07993445792017201E-14,3.12250225675825277E-16,1.00000000000000000E+00,,0,1,CONSISTENT_NUMERICALLY
LIMITER_OFF,D2,9.99999999999999955E-08,2.32829872196590112E-02,2.32829872094275116E-02,6.48641724881216453E-11,2.78590422595574616E-09,4.13016565392609891E-11,9.99999999999999778E-01,-1.5737820655566575,0,1,CONSISTENT_NUMERICALLY
LIMITER_OFF,D2,2.99999999999999986E-07,2.32829872028538706E-02,2.32829872094275116E-02,1.15111843180824698E-11,4.94403240208863030E-10,1.05825938290227096E-11,1.00000000000000000E+00,-1.160925049069092,0,1,CONSISTENT_NUMERICALLY
LIMITER_OFF,D2,9.99999999999999955E-07,2.32829872091422502E-02,2.32829872094275116E-02,2.84509632658714307E-12,1.22196361703756594E-10,2.37879854703137994E-12,9.99999999999999778E-01,-0.582428431884514,0,1,CONSISTENT_NUMERICALLY
LIMITER_OFF,D2,3.00000000000000008E-06,2.32829872102625901E-02,2.32829872094275116E-02,1.50040323108521193E-12,6.44420416304601135E-11,1.48818804501793502E-12,1.00000000000000000E+00,-2.0936004186836406,0,1,CONSISTENT_NUMERICALLY
LIMITER_OFF,D2,1.00000000000000008E-05,2.32829872095149312E-02,2.32829872094275116E-02,1.20644861911164391E-13,5.18167453452283265E-12,1.04022693236949200E-13,1.00000000000000000E+00,0.13316849286091298,0,1,CONSISTENT_NUMERICALLY
LIMITER_OFF,D2,3.00000000000000008E-05,2.32829872093184287E-02,2.32829872094275116E-02,1.39651739318180003E-13,5.99801640837708572E-12,1.12816006536675698E-13,1.00000000000000000E+00,-1.068397592192281,0,1,CONSISTENT_NUMERICALLY
LIMITER_OFF,D2,1.00000000000000005E-04,2.32829872094523285E-02,2.32829872094275116E-02,3.85837075027337403E-14,1.65716311037054908E-12,2.27092650240123785E-14,1.00000000000000000E+00,-2.306676969505819,0,1,CONSISTENT_NUMERICALLY
LIMITER_OFF,D2,2.99999999999999974E-04,2.32829872094305508E-02,2.32829872094275116E-02,3.06083096796796482E-15,1.31462124702289188E-13,1.74860126378462195E-15,1.00000000000000000E+00,0.024709609147278242,0,1,CONSISTENT_NUMERICALLY
LIMITER_OFF,D2,1.00000000000000002E-03,2.32829872094278204E-02,2.32829872094275116E-02,3.15325778125963603E-15,1.35431839260849203E-13,2.28116137090950093E-15,1.00000000000000000E+00,-1.4364850335855608,0,1,CONSISTENT_NUMERICALLY
LIMITER_OFF,D2,3.00000000000000006E-03,2.32829872094269183E-02,2.32829872094275116E-02,6.50701689722714400E-16,2.79475173812421710E-14,4.75314232417645144E-16,1.00000000000000000E+00,-1.563669408673755,0,1,CONSISTENT_NUMERICALLY
LIMITER_OFF,D2,1.00000000000000002E-02,2.32829872094276087E-02,2.32829872094275116E-02,9.90312899475937202E-17,4.25337561099095416E-15,6.07153216591882483E-17,1.00000000000000000E+00,,0,1,CONSISTENT_NUMERICALLY
LIMITER_OFF,D3,9.99999999999999955E-08,4.01924343030504103E-02,4.01924342862153700E-02,6.67557483532552599E-11,1.66090333941750904E-09,5.67640483228881720E-11,9.99999999999999889E-01,-0.9205303570011127,0,1,CONSISTENT_NUMERICALLY
LIMITER_OFF,D3,2.99999999999999986E-07,4.01924342912265628E-02,4.01924342862153700E-02,2.42819784743754704E-11,6.04143016032146387E-10,2.13766782053426109E-11,9.99999999999999889E-01,-1.964915611983214,0,1,CONSISTENT_NUMERICALLY
LIMITER_OFF,D3,9.99999999999999955E-07,4.01924342878587221E-02,4.01924342862153700E-02,2.27966724907981099E-12,5.67188151071618429E-11,1.81735182458453397E-12,1.00000000000000000E+00,0.04059439958827791,0,1,CONSISTENT_NUMERICALLY
LIMITER_OFF,D3,3.00000000000000008E-06,4.01924342875293189E-02,4.01924342862153700E-02,2.38363586217399690E-12,5.93055858503593546E-11,1.64419866610643299E-12,9.99999999999999889E-01,-0.8217921623515583,0,1,CONSISTENT_NUMERICALLY
LIMITER_OFF,D3,1.00000000000000008E-05,4.01924342862609307E-02,4.01924342862153700E-02,8.86221447244059738E-13,2.20494593816378688E-11,5.97247945544054915E-13,1.00000000000000000E+00,-1.4773711079406782,0,1,CONSISTENT_NUMERICALLY
LIMITER_OFF,D3,3.00000000000000008E-05,4.01924342863484371E-02,4.01924342862153700E-02,1.74846562870453995E-13,4.35023570915786620E-12,1.25996435507147503E-13,9.99999999999999889E-01,-1.2171543562625526,0,1,CONSISTENT_NUMERICALLY
LIMITER_OFF,D3,1.00000000000000005E-04,4.01924342862326131E-02,4.01924342862153700E-02,4.03861967554203678E-14,1.00482086921652709E-12,3.95794508278868307E-14,1.00000000000000000E+00,-1.47344750799062,0,1,CONSISTENT_NUMERICALLY
LIMITER_OFF,D3,2.99999999999999974E-04,4.01924342862112691E-02,4.01924342862153700E-02,8.00239220919964288E-15,1.99101954169125512E-13,7.04124258898986000E-15,9.99999999999999889E-01,-0.1561687787984697,0,1,CONSISTENT_NUMERICALLY
LIMITER_OFF,D3,1.00000000000000002E-03,4.01924342862139128E-02,4.01924342862153700E-02,6.63074761691116972E-15,1.64975019171339189E-13,5.64479019082853029E-15,9.99999999999999889E-01,-1.7208799381319824,0,1,CONSISTENT_NUMERICALLY
LIMITER_OFF,D3,3.00000000000000006E-03,4.01924342862154393E-02,4.01924342862153700E-02,1.00113836065921599E-15,2.49086271692324485E-14,6.62664367823140310E-16,1.00000000000000000E+00,-0.40966103663736253,0,1,CONSISTENT_NUMERICALLY
LIMITER_OFF,D3,1.00000000000000002E-02,4.01924342862155920E-02,4.01924342862153700E-02,6.11351600826110495E-16,1.52106139297907599E-14,3.92047505570758403E-16,1.00000000000000000E+00,,0,1,CONSISTENT_NUMERICALLY
RATIO_NEG,D1,9.99999999999999955E-08,4.16666666474456784E-02,4.16666666666666574E-02,2.47957798676109688E-11,5.95098716822663328E-10,2.28919695699492109E-11,1.00000000000000000E+00,-0.42875810832963324,0,1,CONSISTENT_NUMERICALLY
RATIO_NEG,D1,2.99999999999999986E-07,4.16666666609982125E-02,4.16666666666666574E-02,1.54813263402414815E-11,3.71551832165795581E-10,1.16885494338969697E-11,9.99999999999999889E-01,-0.9572117179720212,0,1,CONSISTENT_NUMERICALLY
RATIO_NEG,D1,9.99999999999999955E-07,4.16666666686011725E-02,4.16666666666666574E-02,4.88992843793874162E-12,1.17358282505081108E-10,3.77940040374724617E-12,1.00000000000000000E+00,-1.3750840748267188,0,1,CONSISTENT_NUMERICALLY
RATIO_NEG,D1,3.00000000000000008E-06,4.16666666673136815E-02,4.16666666666666574E-02,1.07949507258088705E-12,2.59078817415389806E-11,1.03275374363498409E-12,1.00000000000000000E+00,-0.8042515760678018,0,1,CONSISTENT_NUMERICALLY
RATIO_NEG,D1,1.00000000000000008E-05,4.16666666670561930E-02,4.16666666666666574E-02,4.09915753771257175E-13,9.83797809041820248E-12,2.88276347237825803E-13,1.00000000000000000E+00,-1.2894469374090192,0,1,CONSISTENT_NUMERICALLY
RATIO_NEG,D1,3.00000000000000008E-05,4.16666666666062405E-02,4.16666666666666574E-02,9.94196130858669867E-14,2.38607071406080798E-12,9.48165157499403222E-14,9.99999999999999889E-01,-1.146604310822147,0,1,CONSISTENT_NUMERICALLY
RATIO_NEG,D1,1.00000000000000005E-04,4.16666666666660121E-02,4.16666666666666574E-02,2.49998294137004596E-14,5.99995905928811006E-13,1.96370697480574595E-14,1.00000000000000000E+00,-2.6482169023203688,0,1,CONSISTENT_NUMERICALLY
RATIO_NEG,D1,2.99999999999999974E-04,4.16666666666675525E-02,4.16666666666666574E-02,1.36275088917143804E-15,3.27060213401138108E-14,1.31838984174237300E-15,1.00000000000000000E+00,0.328785767888875,0,1,CONSISTENT_NUMERICALLY
RATIO_NEG,D1,1.00000000000000002E-03,4.16666666666683921E-02,4.16666666666666574E-02,2.02456425043566690E-15,4.85895420104540020E-14,1.39471767468535290E-15,9.99999999999999778E-01,-2.4500122902406947,0,1,CONSISTENT_NUMERICALLY
RATIO_NEG,D1,3.00000000000000006E-03,4.16666666666666366E-02,4.16666666666666574E-02,1.37207744702641398E-16,3.29298587286339493E-15,1.21430643318376497E-16,9.99999999999999889E-01,0.9796810185412628,0,1,CONSISTENT_NUMERICALLY
RATIO_NEG,D1,1.00000000000000002E-02,4.16666666666670529E-02,4.16666666666666574E-02,4.46306290005249501E-16,1.07113509601258902E-14,3.05311331771917999E-16,1.00000000000000000E+00,,0,1,CONSISTENT_NUMERICALLY
RATIO_NEG,D2,9.99999999999999955E-08,3.14904645629522431E-02,3.14904645445385767E-02,6.65317822937239222E-11,2.11275963111693604E-09,4.07842232208466271E-11,1.00000000000000000E+00,-1.4229224152856688,0,1,CONSISTENT_NUMERICALLY
RATIO_NEG,D2,2.99999999999999986E-07,3.14904645356664931E-02,3.14904645445385767E-02,1.39355023650546604E-11,4.42530860265492692E-10,1.23416901698369892E-11,1.00000000000000000E+00,-1.2308388800535544,0,1,CONSISTENT_NUMERICALLY
RATIO_NEG,D2,9.99999999999999955E-07,3.14904645440058223E-02,3.14904645445385767E-02,3.16623496178835120E-12,1.00545832129919303E-10,2.58387061746745417E-12,1.00000000000000000E+00,-0.5940157656438753,0,1,CONSISTENT_NUMERICALLY
RATIO_NEG,D2,3.00000000000000008E-06,3.14904645455372431E-02,3.14904645445385767E-02,1.64863908897441108E-12,5.23535969623557802E-11,1.60837662632751192E-12,1.00000000000000000E+00,-2.111814740575531,0,1,CONSISTENT_NUMERICALLY
RATIO_NEG,D2,1.00000000000000008E-05,3.14904645446197409E-02,3.14904645445385767E-02,1.29688823613169810E-13,4.11835218973699220E-12,1.04950770296596804E-13,1.00000000000000000E+00,0.2690471793567371,0,1,CONSISTENT_NUMERICALLY
RATIO_NEG,D2,3.00000000000000008E-05,3.14904645443934220E-02,3.14904645445385767E-02,1.74289281139486188E-13,5.53466846743336960E-12,1.26346849649294793E-13,1.00000000000000000E+00,-1.084755006228809,0,1,CONSISTENT_NUMERICALLY
RATIO_NEG,D2,1.00000000000000005E-04,3.14904645445735279E-02,3.14904645445385767E-02,4.72144942567422981E-14,1.49932669903653002E-12,2.79776202205539385E-14,1.00000000000000000E+00,-2.1126875732770687,0,1,CONSISTENT_NUMERICALLY
RATIO_NEG,D2,2.99999999999999974E-04,3.14904645445432188E-02,3.14904645445385767E-02,4.63518632158998087E-15,1.47193329429405998E-13,2.32106001085696789E-15,1.00000000000000000E+00,-0.2171245992451267,0,1,CONSISTENT_NUMERICALLY
RATIO_NEG,D2,1.00000000000000002E-03,3.14904645445388473E-02,3.14904645445385767E-02,3.56892448037781428E-15,1.13333497361719499E-13,2.51881848711832390E-15,1.00000000000000000E+00,-1.1874928465474248,0,1,CONSISTENT_NUMERICALLY
RATIO_NEG,D2,3.00000000000000006E-03,3.14904645445376816E-02,3.14904645445385767E-02,9.68187076509351625E-16,3.07454046967136612E-14,6.97358837342676452E-16,1.00000000000000000E+00,-1.9856275447559666,0,1,CONSISTENT_NUMERICALLY
RATIO_NEG,D2,1.00000000000000002E-02,3.14904645445386669E-02,3.14904645445385767E-02,8.86577779189756509E-17,2.81538488559234019E-15,4.85722573273505986E-17,1.00000000000000000E+00,,0,1,CONSISTENT_NUMERICALLY
RATIO_NEG,D3,9.99999999999999955E-08,4.18076886455191685E-02,4.18076886297115702E-02,8.02519802825631135E-11,1.91955075447980494E-09,6.59998132535033477E-11,1.00000000000000000E+00,-0.9577520759666445,0,1,CONSISTENT_NUMERICALLY
RATIO_NEG,D3,2.99999999999999986E-07,4.18076886302516382E-02,4.18076886297115702E-02,2.80215326433229189E-11,6.70248309853867745E-10,2.53688355045245085E-11,1.00000000000000000E+00,-1.971536151239302,0,1,CONSISTENT_NUMERICALLY
RATIO_NEG,D3,9.99999999999999955E-07,4.18076886311490731E-02,4.18076886297115702E-02,2.60986195410494706E-12,6.24254064158058792E-11,2.03188507685858610E-12,1.00000000000000000E+00,-0.037491566248410185,0,1,CONSISTENT_NUMERICALLY
RATIO_NEG,D3,3.00000000000000008E-06,4.18076886308767770E-02,4.18076886297115702E-02,2.50454888722596899E-12,5.99064183944446067E-11,1.69708691544201409E-12,1.00000000000000000E+00,-0.6733317581148318,0,1,CONSISTENT_NUMERICALLY
RATIO_NEG,D3,1.00000000000000008E-05,4.18076886298367478E-02,4.18076886297115702E-02,1.11341905213881701E-12,2.66319207932534890E-11,7.47464590222790548E-13,1.00000000000000000E+00,-1.5711796290643272,0,1,CONSISTENT_NUMERICALLY
RATIO_NEG,D3,3.00000000000000008E-05,4.18076886298386768E-02,4.18076886297115702E-02,1.98159753073326500E-13,4.73979211880891577E-12,1.58539847916472404E-13,1.00000000000000000E+00,-1.1840792185437663,0,1,CONSISTENT_NUMERICALLY
RATIO_NEG,D3,1.00000000000000005E-04,4.18076886297237410E-02,4.18076886297115702E-02,4.76305499855061608E-14,1.13927728479212290E-12,4.65703864360733569E-14,1.00000000000000000E+00,-1.4623091425920771,0,1,CONSISTENT_NUMERICALLY
RATIO_NEG,D3,2.99999999999999974E-04,4.18076886297080522E-02,4.18076886297115702E-02,9.55403490019965938E-15,2.28523393981887604E-13,8.36223451594619860E-15,1.00000000000000000E+00,-0.07587811248865364,0,1,CONSISTENT_NUMERICALLY
RATIO_NEG,D3,1.00000000000000002E-03,4.18076886297104114E-02,4.18076886297115702E-02,8.71990535451808505E-15,2.08571811557194997E-13,7.50094431012371388E-15,1.00000000000000000E+00,-1.7944953971214603,0,1,CONSISTENT_NUMERICALLY
RATIO_NEG,D3,3.00000000000000006E-03,4.18076886297115077E-02,4.18076886297115702E-02,1.21428289027979492E-15,2.90444875112478170E-14,8.32667268468867405E-16,1.00000000000000000E+00,-0.4299604482053247,0,1,CONSISTENT_NUMERICALLY
RATIO_NEG,D3,1.00000000000000002E-02,4.18076886297118130E-02,4.18076886297115702E-02,7.23606894256534890E-16,1.73079861138815291E-14,4.78783679369598758E-16,1.00000000000000000E+00,,0,1,CONSISTENT_NUMERICALLY
RATIO_POS,D1,9.99999999999999955E-08,4.16666666481233031E-02,4.16666666666666574E-02,2.45941207094297199E-11,5.90258897026313458E-10,2.31630166436236416E-11,1.00000000000000000E+00,-0.5539199206647875,0,1,CONSISTENT_NUMERICALLY
RATIO_POS,D1,2.99999999999999986E-07,4.16666666602302296E-02,4.16666666666666574E-02,1.33827181868052401E-11,3.21185236483325891E-10,1.13271406143589104E-11,1.00000000000000000E+00,-0.9821472703800374,0,1,CONSISTENT_NUMERICALLY
RATIO_POS,D1,9.99999999999999955E-07,4.16666666687231374E-02,4.16666666666666574E-02,4.10204481074273931E-12,9.84490754529667489E-11,3.45414669089549915E-12,1.00000000000000000E+00,-1.2940370351355603,0,1,CONSISTENT_NUMERICALLY
RATIO_POS,D1,3.00000000000000008E-06,4.16666666672865782E-02,4.16666666666666574E-02,9.89892027319552665E-13,2.37574086553158010E-11,9.60481694178838552E-13,9.99999999999999889E-01,-0.7122962937485791,0,1,CONSISTENT_NUMERICALLY
RATIO_POS,D1,1.00000000000000008E-05,4.16666666670602523E-02,4.16666666666666574E-02,4.19897446963773280E-13,1.00775387270353708E-11,2.93695623376777298E-13,9.99999999999999889E-01,-1.352967802119377,0,1,CONSISTENT_NUMERICALLY
RATIO_POS,D1,3.00000000000000008E-05,4.16666666666053384E-02,4.16666666666666574E-02,9.49759264763904921E-14,2.27942223543337292E-12,9.11944131321007490E-14,1.00000000000000000E+00,-1.0407652049689105,0,1,CONSISTENT_NUMERICALLY
RATIO_POS,D1,1.00000000000000005E-04,4.16666666666664076E-02,4.16666666666666574E-02,2.71281097786018101E-14,6.51074634686443619E-13,2.07230066440189407E-14,1.00000000000000000E+00,-3.376681987802874,0,1,CONSISTENT_NUMERICALLY
RATIO_POS,D1,2.99999999999999974E-04,4.16666666666670529E-02,4.16666666666666574E-02,6.64251872604899621E-16,1.59420449425174387E-14,6.03683769639928869E-16,1.00000000000000000E+00,1.0038457027914747,0,1,CONSISTENT_NUMERICALLY
RATIO_POS,D1,1.00000000000000002E-03,4.16666666666684893E-02,4.16666666666666574E-02,2.22444856885759407E-15,5.33867656525799289E-14,1.82839854367955507E-15,9.99999999999999889E-01,-2.377536732980976,0,1,CONSISTENT_NUMERICALLY
RATIO_POS,D1,3.00000000000000006E-03,4.16666666666666990E-02,4.16666666666666574E-02,1.63248447482536196E-16,3.91796273958086535E-15,1.31838984174237290E-16,1.00000000000000000E+00,0.8421399819983872,0,1,CONSISTENT_NUMERICALLY
RATIO_POS,D1,1.00000000000000002E-02,4.16666666666670529E-02,4.16666666666666574E-02,4.49972690800075748E-16,1.07993445792017201E-14,3.12250225675825277E-16,1.00000000000000000E+00,,0,1,CONSISTENT_NUMERICALLY
RATIO_POS,D2,9.99999999999999955E-08,2.32829872196590112E-02,2.32829872094275116E-02,6.48641724881216453E-11,2.78590422595574616E-09,4.13016565392609891E-11,9.99999999999999778E-01,-1.5737820655566575,0,1,CONSISTENT_NUMERICALLY
RATIO_POS,D2,2.99999999999999986E-07,2.32829872028538706E-02,2.32829872094275116E-02,1.15111843180824698E-11,4.94403240208863030E-10,1.05825938290227096E-11,1.00000000000000000E+00,-1.160925049069092,0,1,CONSISTENT_NUMERICALLY
RATIO_POS,D2,9.99999999999999955E-07,2.32829872091422502E-02,2.32829872094275116E-02,2.84509632658714307E-12,1.22196361703756594E-10,2.37879854703137994E-12,9.99999999999999778E-01,-0.582428431884514,0,1,CONSISTENT_NUMERICALLY
RATIO_POS,D2,3.00000000000000008E-06,2.32829872102625901E-02,2.32829872094275116E-02,1.50040323108521193E-12,6.44420416304601135E-11,1.48818804501793502E-12,1.00000000000000000E+00,-2.0936004186836406,0,1,CONSISTENT_NUMERICALLY
RATIO_POS,D2,1.00000000000000008E-05,2.32829872095149312E-02,2.32829872094275116E-02,1.20644861911164391E-13,5.18167453452283265E-12,1.04022693236949200E-13,1.00000000000000000E+00,0.13316849286091298,0,1,CONSISTENT_NUMERICALLY
RATIO_POS,D2,3.00000000000000008E-05,2.32829872093184287E-02,2.32829872094275116E-02,1.39651739318180003E-13,5.99801640837708572E-12,1.12816006536675698E-13,1.00000000000000000E+00,-1.068397592192281,0,1,CONSISTENT_NUMERICALLY
RATIO_POS,D2,1.00000000000000005E-04,2.32829872094523285E-02,2.32829872094275116E-02,3.85837075027337403E-14,1.65716311037054908E-12,2.27092650240123785E-14,1.00000000000000000E+00,-2.306676969505819,0,1,CONSISTENT_NUMERICALLY
RATIO_POS,D2,2.99999999999999974E-04,2.32829872094305508E-02,2.32829872094275116E-02,3.06083096796796482E-15,1.31462124702289188E-13,1.74860126378462195E-15,1.00000000000000000E+00,0.024709609147278242,0,1,CONSISTENT_NUMERICALLY
RATIO_POS,D2,1.00000000000000002E-03,2.32829872094278204E-02,2.32829872094275116E-02,3.15325778125963603E-15,1.35431839260849203E-13,2.28116137090950093E-15,1.00000000000000000E+00,-1.4364850335855608,0,1,CONSISTENT_NUMERICALLY
RATIO_POS,D2,3.00000000000000006E-03,2.32829872094269183E-02,2.32829872094275116E-02,6.50701689722714400E-16,2.79475173812421710E-14,4.75314232417645144E-16,1.00000000000000000E+00,-1.563669408673755,0,1,CONSISTENT_NUMERICALLY
RATIO_POS,D2,1.00000000000000002E-02,2.32829872094276087E-02,2.32829872094275116E-02,9.90312899475937202E-17,4.25337561099095416E-15,6.07153216591882483E-17,1.00000000000000000E+00,,0,1,CONSISTENT_NUMERICALLY
RATIO_POS,D3,9.99999999999999955E-08,4.01924343030504103E-02,4.01924342862153700E-02,6.67557483532552599E-11,1.66090333941750904E-09,5.67640483228881720E-11,9.99999999999999889E-01,-0.9205303570011127,0,1,CONSISTENT_NUMERICALLY
RATIO_POS,D3,2.99999999999999986E-07,4.01924342912265628E-02,4.01924342862153700E-02,2.42819784743754704E-11,6.04143016032146387E-10,2.13766782053426109E-11,9.99999999999999889E-01,-1.964915611983214,0,1,CONSISTENT_NUMERICALLY
RATIO_POS,D3,9.99999999999999955E-07,4.01924342878587221E-02,4.01924342862153700E-02,2.27966724907981099E-12,5.67188151071618429E-11,1.81735182458453397E-12,1.00000000000000000E+00,0.04059439958827791,0,1,CONSISTENT_NUMERICALLY
RATIO_POS,D3,3.00000000000000008E-06,4.01924342875293189E-02,4.01924342862153700E-02,2.38363586217399690E-12,5.93055858503593546E-11,1.64419866610643299E-12,9.99999999999999889E-01,-0.8217921623515583,0,1,CONSISTENT_NUMERICALLY
RATIO_POS,D3,1.00000000000000008E-05,4.01924342862609307E-02,4.01924342862153700E-02,8.86221447244059738E-13,2.20494593816378688E-11,5.97247945544054915E-13,1.00000000000000000E+00,-1.4773711079406782,0,1,CONSISTENT_NUMERICALLY
RATIO_POS,D3,3.00000000000000008E-05,4.01924342863484371E-02,4.01924342862153700E-02,1.74846562870453995E-13,4.35023570915786620E-12,1.25996435507147503E-13,9.99999999999999889E-01,-1.2171543562625526,0,1,CONSISTENT_NUMERICALLY
RATIO_POS,D3,1.00000000000000005E-04,4.01924342862326131E-02,4.01924342862153700E-02,4.03861967554203678E-14,1.00482086921652709E-12,3.95794508278868307E-14,1.00000000000000000E+00,-1.47344750799062,0,1,CONSISTENT_NUMERICALLY
RATIO_POS,D3,2.99999999999999974E-04,4.01924342862112691E-02,4.01924342862153700E-02,8.00239220919964288E-15,1.99101954169125512E-13,7.04124258898986000E-15,9.99999999999999889E-01,-0.1561687787984697,0,1,CONSISTENT_NUMERICALLY
RATIO_POS,D3,1.00000000000000002E-03,4.01924342862139128E-02,4.01924342862153700E-02,6.63074761691116972E-15,1.64975019171339189E-13,5.64479019082853029E-15,9.99999999999999889E-01,-1.7208799381319824,0,1,CONSISTENT_NUMERICALLY
RATIO_POS,D3,3.00000000000000006E-03,4.01924342862154393E-02,4.01924342862153700E-02,1.00113836065921599E-15,2.49086271692324485E-14,6.62664367823140310E-16,1.00000000000000000E+00,-0.40966103663736253,0,1,CONSISTENT_NUMERICALLY
RATIO_POS,D3,1.00000000000000002E-02,4.01924342862155920E-02,4.01924342862153700E-02,6.11351600826110495E-16,1.52106139297907599E-14,3.92047505570758403E-16,1.00000000000000000E+00,,0,1,CONSISTENT_NUMERICALLY
SE_CLIP_HIGH,D1,9.99999999999999955E-08,4.16666666477167325E-02,4.16666666666666505E-02,2.49172119405701290E-11,5.98013086573683278E-10,2.23498580753655996E-11,9.99999999999999889E-01,-0.11501425071552597,0,1,CONSISTENT_NUMERICALLY
SE_CLIP_HIGH,D1,2.99999999999999986E-07,4.16666666604560976E-02,4.16666666666666505E-02,2.19595634706419684E-11,5.27029523295407552E-10,1.53025578319976286E-11,1.00000000000000000E+00,-1.0389622195072332,0,1,CONSISTENT_NUMERICALLY
SE_CLIP_HIGH,D1,9.99999999999999955E-07,4.16666666683436701E-02,4.16666666666666505E-02,6.28597198156098705E-12,1.50863327551391692E-10,4.21308127274144795E-12,1.00000000000000000E+00,-1.4817884198901483,0,1,CONSISTENT_NUMERICALLY
SE_CLIP_HIGH,D1,3.00000000000000008E-06,4.16666666672865782E-02,4.16666666666666505E-02,1.23418337156447499E-12,2.96204009171067080E-11,1.17731518978203594E-12,1.00000000000000000E+00,-0.9321663174965419,0,1,CONSISTENT_NUMERICALLY
SE_CLIP_HIGH,D1,1.00000000000000008E-05,4.16666666670453406E-02,4.16666666666666505E-02,4.01762813116857678E-13,9.64230751471695442E-12,2.66595773235067718E-13,1.00000000000000000E+00,-1.0317500559869335,0,1,CONSISTENT_NUMERICALLY
SE_CLIP_HIGH,D1,3.00000000000000008E-05,4.16666666665981081E-02,4.16666666666666505E-02,1.29330171956077194E-13,3.10392412694585386E-12,1.23727417200569789E-13,1.00000000000000000E+00,-1.3458500245149385,0,1,CONSISTENT_NUMERICALLY
SE_CLIP_HIGH,D1,1.00000000000000005E-04,4.16666666666666921E-02,4.16666666666666505E-02,2.55848858027177495E-14,6.14037259265225711E-13,1.74651959561344907E-14,1.00000000000000000E+00,-3.330150184660768,0,1,CONSISTENT_NUMERICALLY
SE_CLIP_HIGH,D1,2.99999999999999974E-04,4.16666666666670529E-02,4.16666666666666505E-02,6.59322730210709416E-16,1.58237455250568793E-14,5.96744875736021640E-16,1.00000000000000000E+00,1.0587050244860763,0,1,CONSISTENT_NUMERICALLY
SE_CLIP_HIGH,D1,1.00000000000000002E-03,4.16666666666686281E-02,4.16666666666666505E-02,2.35869834961482816E-15,5.66087603907531874E-14,1.83186799063150790E-15,1.00000000000000000E+00,-1.9372950739915722,0,1,CONSISTENT_NUMERICALLY
SE_CLIP_HIGH,D1,3.00000000000000006E-03,4.16666666666666227E-02,4.16666666666666505E-02,2.80768089419364081E-16,6.73843414606474229E-15,2.25514051876984922E-16,1.00000000000000000E+00,0.37288661767459524,0,1,CONSISTENT_NUMERICALLY
SE_CLIP_HIGH,D1,1.00000000000000002E-02,4.16666666666670391E-02,4.16666666666666505E-02,4.39867863156655979E-16,1.05568287157596496E-14,3.12250225675825277E-16,1.00000000000000000E+00,,0,1,CONSISTENT_NUMERICALLY
SE_CLIP_HIGH,D2,9.99999999999999955E-08,4.65996002812292670E-02,4.65996002441076973E-02,7.47979257838766481E-11,1.60511947167937191E-09,5.09513195523503271E-11,1.00000000000000000E+00,-1.323804122362476,0,1,CONSISTENT_NUMERICALLY
SE_CLIP_HIGH,D2,2.99999999999999986E-07,4.65996002320787778E-02,4.65996002441076973E-02,1.74692584644534906E-11,3.74880006973072492E-10,1.41008177356738397E-11,9.99999999999999778E-01,-1.2293132091822674,0,1,CONSISTENT_NUMERICALLY
SE_CLIP_HIGH,D2,9.99999999999999955E-07,4.65996002428485170E-02,4.65996002441076973E-02,3.97642432693567877E-12,8.53317261544207833E-11,2.98773158990961503E-12,1.00000000000000000E+00,-0.5355166219728379,0,1,CONSISTENT_NUMERICALLY
SE_CLIP_HIGH,D2,3.00000000000000008E-06,4.65996002455680500E-02,4.65996002441076973E-02,2.20793538404043315E-12,4.73809940944809580E-11,2.08993239381172202E-12,1.00000000000000000E+00,-1.9353199658888727,0,1,CONSISTENT_NUMERICALLY
SE_CLIP_HIGH,D2,1.00000000000000008E-05,4.65996002442200172E-02,4.65996002441076973E-02,2.14807125728315694E-13,4.60963451623084003E-12,1.88963428238153597E-13,1.00000000000000000E+00,0.13987934727761667,0,1,CONSISTENT_NUMERICALLY
SE_CLIP_HIGH,D2,3.00000000000000008E-05,4.65996002438911622E-02,4.65996002441076973E-02,2.50488673945883183E-13,5.37533954441071126E-12,1.54359164339368198E-13,1.00000000000000000E+00,-1.1164232669332137,0,1,CONSISTENT_NUMERICALLY
SE_CLIP_HIGH,D2,1.00000000000000005E-04,4.65996002441606688E-02,4.65996002441076973E-02,6.53181832218681758E-14,1.40168977586997906E-12,4.04364042250193671E-14,1.00000000000000000E+00,-2.004844282528712,0,1,CONSISTENT_NUMERICALLY
SE_CLIP_HIGH,D2,2.99999999999999974E-04,4.65996002441149068E-02,4.65996002441076973E-02,7.21905377742352481E-15,1.54916646057177795E-13,3.93088339656344488E-15,1.00000000000000000E+00,-0.3924310175980838,0,1,CONSISTENT_NUMERICALLY
SE_CLIP_HIGH,D2,1.00000000000000002E-03,4.65996002441080373E-02,4.65996002441076973E-02,4.50076605078274318E-15,9.65837910026236845E-14,3.28209681654811902E-15,1.00000000000000000E+00,-0.9844887214244229,0,1,CONSISTENT_NUMERICALLY
SE_CLIP_HIGH,D2,3.00000000000000006E-03,4.65996002441062471E-02,4.65996002441076973E-02,1.52604009697209095E-15,3.27479224924263399E-14,1.06165076729780594E-15,1.00000000000000000E+00,-2.3897996762413203,0,1,CONSISTENT_NUMERICALLY
SE_CLIP_HIGH,D2,1.00000000000000002E-02,4.65996002441077875E-02,4.65996002441076973E-02,8.58994708914647371E-17,1.84335209833320700E-15,5.20417042793042128E-17,1.00000000000000000E+00,,0,1,CONSISTENT_NUMERICALLY
SE_CLIP_HIGH,D3,9.99999999999999955E-08,4.56694674758548469E-02,4.56694674604155929E-02,1.08211437916793201E-10,2.36944820900317789E-09,8.59186506663167648E-11,1.00000000000000000E+00,-1.011243522373814,0,1,CONSISTENT_NUMERICALLY
SE_CLIP_HIGH,D3,2.99999999999999986E-07,4.56694674538400819E-02,4.56694674604155929E-02,3.56276674240728120E-11,7.80120054059167798E-10,3.20564744454160389E-11,1.00000000000000000E+00,-1.79416789847386,0,1,CONSISTENT_NUMERICALLY
SE_CLIP_HIGH,D3,9.99999999999999955E-07,4.56694674616425073E-02,4.56694674604155929E-02,4.10823359841142368E-12,8.99558025690118424E-11,3.51928555741842786E-12,1.00000000000000000E+00,-0.3541057131369731,0,1,CONSISTENT_NUMERICALLY
SE_CLIP_HIGH,D3,3.00000000000000008E-06,4.56694674613867813E-02,4.56694674604155929E-02,2.78422140445347218E-12,6.09646128851296957E-11,1.69881361582191490E-12,1.00000000000000000E+00,-0.49897806244299314,0,1,CONSISTENT_NUMERICALLY
SE_CLIP_HIGH,D3,1.00000000000000008E-05,4.56694674607016418E-02,4.56694674604155929E-02,1.52685833667846896E-12,3.34328036120045272E-11,1.03436530174416694E-12,1.00000000000000000E+00,-1.6453940209801674,0,1,CONSISTENT_NUMERICALLY
SE_CLIP_HIGH,D3,3.00000000000000008E-05,4.56694674605254980E-02,4.56694674604155929E-02,2.50464560996447708E-13,5.48428906496309235E-12,2.10789719012893809E-13,1.00000000000000000E+00,-1.1526861429761752,0,1,CONSISTENT_NUMERICALLY
SE_CLIP_HIGH,D3,1.00000000000000005E-04,4.56694674604194786E-02,4.56694674604155929E-02,6.25217608272171085E-14,1.36900569032041101E-12,5.94999310238319978E-14,1.00000000000000000E+00,-1.4971714203177995,0,1,CONSISTENT_NUMERICALLY
SE_CLIP_HIGH,D3,2.99999999999999974E-04,4.56694674604135667E-02,4.56694674604155929E-02,1.20697672161963795E-14,2.64285262941985380E-13,1.06117371834191200E-14,1.00000000000000000E+00,0.01726896745214598,0,1,CONSISTENT_NUMERICALLY
SE_CLIP_HIGH,D3,1.00000000000000002E-03,4.56694674604151488E-02,4.56694674604155929E-02,1.23233411175717593E-14,2.69837635576835306E-13,1.04430353253803803E-14,1.00000000000000000E+00,-1.832330478206765,0,1,CONSISTENT_NUMERICALLY
SE_CLIP_HIGH,D3,3.00000000000000006E-03,4.56694674604150308E-02,4.56694674604155929E-02,1.64620779334553798E-15,3.60461350851617221E-14,1.22124532708767200E-15,1.00000000000000000E+00,-0.45200152028320817,0,1,CONSISTENT_NUMERICALLY
SE_CLIP_HIGH,D3,1.00000000000000002E-02,4.56694674604159120E-02,4.56694674604155929E-02,9.55306352249316770E-16,2.09178342856160989E-14,6.80011602582908381E-16,1.00000000000000000E+00,,0,1,CONSISTENT_NUMERICALLY
SE_CLIP_LOW,D1,9.99999999999999955E-08,4.16666666469035774E-02,4.16666666666666574E-02,2.58456185901108788E-11,6.20294846162661194E-10,2.39761682729877602E-11,1.00000000000000000E+00,-0.9988169153910376,0,1,CONSISTENT_NUMERICALLY
SE_CLIP_LOW,D1,2.99999999999999986E-07,4.16666666602754088E-02,4.16666666666666574E-02,8.62641110228871629E-12,2.07033866454929204E-10,8.07453409690239710E-12,1.00000000000000000E+00,-0.969298421589587,0,1,CONSISTENT_NUMERICALLY
SE_CLIP_LOW,D1,9.99999999999999955E-07,4.16666666687231513E-02,4.16666666666666574E-02,2.68537294237041196E-12,6.44489506137089704E-11,2.47836473565854516E-12,9.99999999999999778E-01,-1.0646419321018352,0,1,CONSISTENT_NUMERICALLY
SE_CLIP_LOW,D1,3.00000000000000008E-06,4.16666666672865782E-02,4.16666666666666574E-02,8.33760496025338652E-13,2.00102519043104194E-11,7.79782488580238464E-13,9.99999999999999889E-01,-0.5006592899488641,0,1,CONSISTENT_NUMERICALLY
SE_CLIP_LOW,D1,1.00000000000000008E-05,4.16666666670588923E-02,4.16666666666666574E-02,4.56307085853823982E-13,1.09513700603886898E-11,3.15379666826487387E-13,1.00000000000000000E+00,-1.5490755446678668,0,1,CONSISTENT_NUMERICALLY
SE_CLIP_LOW,D1,3.00000000000000008E-05,4.16666666666035274E-02,4.16666666666666574E-02,8.32070922257992030E-14,1.99697021341918087E-12,7.67372276833100386E-14,1.00000000000000000E+00,-0.7884608707393979,0,1,CONSISTENT_NUMERICALLY
SE_CLIP_LOW,D1,1.00000000000000005E-04,4.16666666666666921E-02,4.16666666666666574E-02,3.22025982937483280E-14,7.72862359049959671E-13,2.28914109889899496E-14,1.00000000000000000E+00,-3.938700816586887,0,1,CONSISTENT_NUMERICALLY
SE_CLIP_LOW,D1,2.99999999999999974E-04,4.16666666666670529E-02,4.16666666666666574E-02,4.25258535220589618E-16,1.02062048452940597E-14,2.42861286636752993E-16,9.99999999999999889E-01,1.513733904728865,0,1,CONSISTENT_NUMERICALLY
SE_CLIP_LOW,D1,1.00000000000000002E-03,4.16666666666685934E-02,4.16666666666666574E-02,2.63119068963332714E-15,6.31485765511969356E-14,2.48065457064683415E-15,9.99999999999999778E-01,-3.5341061468228383,0,1,CONSISTENT_NUMERICALLY
SE_CLIP_LOW,D1,3.00000000000000006E-03,4.16666666666666227E-02,4.16666666666666574E-02,5.41944938641420874E-17,1.30066785273941010E-15,4.85722573273505986E-17,1.00000000000000000E+00,1.7734557768490957,0,1,CONSISTENT_NUMERICALLY
SE_CLIP_LOW,D1,1.00000000000000002E-02,4.16666666666670529E-02,4.16666666666666574E-02,4.58413602608989151E-16,1.10019264626156394E-14,3.12250225675825277E-16,1.00000000000000000E+00,,0,1,CONSISTENT_NUMERICALLY
SE_CLIP_LOW,D2,9.99999999999999955E-08,4.62962961993466666E-03,4.62962962967160361E-03,6.18550519602166129E-11,1.33606912232856608E-08,4.59326266258330775E-11,9.99999999999999889E-01,-1.807005027056787,0,1,CONSISTENT_NUMERICALLY
SE_CLIP_LOW,D2,2.99999999999999986E-07,4.62962962761443060E-03,4.62962962967160361E-03,8.49600325768838975E-12,1.83513670364405394E-09,7.98555058884042879E-12,9.99999999999999889E-01,-1.025659190877534,0,1,CONSISTENT_NUMERICALLY
SE_CLIP_LOW,D2,9.99999999999999955E-07,4.62962963004485105E-03,4.62962962967160361E-03,2.47126477859328716E-12,5.33793192128275143E-10,1.85980744693559115E-12,1.00000000000000000E+00,-0.9831834204166349,0,1,CONSISTENT_NUMERICALLY
SE_CLIP_LOW,D2,3.00000000000000008E-06,4.62962962992739639E-03,4.62962962967160361E-03,8.39115169463122484E-13,1.81248876592377012E-10,7.96487008292157128E-13,1.00000000000000000E+00,-2.1136278366717094,0,1,CONSISTENT_NUMERICALLY
SE_CLIP_LOW,D2,1.00000000000000008E-05,4.62962962973314292E-03,4.62962962967160361E-03,6.58643637751057331E-14,1.42267025751047492E-11,4.83883766388970571E-14,9.99999999999999889E-01,0.19048957577378547,0,1,CONSISTENT_NUMERICALLY
SE_CLIP_LOW,D2,3.00000000000000008E-05,4.62962962965273242E-03,4.62962962967160361E-03,8.11964658252505755E-14,1.75384366180951096E-11,7.44885923775751024E-14,9.99999999999999889E-01,-1.0926051933627123,0,1,CONSISTENT_NUMERICALLY
SE_CLIP_LOW,D2,1.00000000000000005E-04,4.62962962967459601E-03,4.62962962967160361E-03,2.17889897141861203E-14,4.70642177821848935E-12,1.66646210719712005E-14,1.00000000000000000E+00,-2.9648219997215177,0,1,CONSISTENT_NUMERICALLY
SE_CLIP_LOW,D2,2.99999999999999974E-04,4.62962962967143361E-03,4.62962962967160361E-03,8.38798222227032006E-16,1.81180415999396293E-13,7.61109925084824113E-16,1.00000000000000000E+00,0.9239017549271066,0,1,CONSISTENT_NUMERICALLY
SE_CLIP_LOW,D2,1.00000000000000002E-03,4.62962962967183173E-03,4.62962962967160361E-03,2.55120931370024913E-15,5.51061211754230509E-13,2.02875910515487590E-15,1.00000000000000000E+00,-3.755649807696332,0,1,CONSISTENT_NUMERICALLY
SE_CLIP_LOW,D2,3.00000000000000006E-03,4.62962962967160534E-03,4.62962962967160361E-03,4.11951172397302529E-17,8.89814532370105581E-15,3.38271077815477383E-17,1.00000000000000000E+00,0.6457331577809476,0,1,CONSISTENT_NUMERICALLY
SE_CLIP_LOW,D2,1.00000000000000002E-02,4.62962962967169035E-03,4.62962962967160361E-03,8.96367055772382707E-17,1.93615284045075685E-14,5.55111512312578270E-17,1.00000000000000000E+00,,0,1,CONSISTENT_NUMERICALLY
SE_CLIP_LOW,D3,9.99999999999999955E-08,3.80536504619692767E-02,3.80536504434219811E-02,3.61236568346652829E-11,9.49282300019210197E-10,3.34103716914668780E-11,9.99999999999999889E-01,-0.6835970806469164,0,1,CONSISTENT_NUMERICALLY
SE_CLIP_LOW,D3,2.99999999999999986E-07,3.80536504546838128E-02,3.80536504434219811E-02,1.70464131848106885E-11,4.47957370216305912E-10,1.31069009812190306E-11,9.99999999999999889E-01,-1.5232245100474642,0,1,CONSISTENT_NUMERICALLY
SE_CLIP_LOW,D3,9.99999999999999955E-07,3.80536504451810809E-02,3.80536504434219811E-02,2.72377538192733116E-12,7.15772429205213248E-11,2.11409362238512699E-12,9.99999999999999667E-01,-0.22464440377048658,0,1,CONSISTENT_NUMERICALLY
SE_CLIP_LOW,D3,3.00000000000000008E-06,3.80536504449464977E-02,3.80536504434219811E-02,2.12808352974283106E-12,5.59232427075978287E-11,1.61435448342572800E-12,1.00000000000000000E+00,-1.3802162751828035,0,1,CONSISTENT_NUMERICALLY
SE_CLIP_LOW,D3,1.00000000000000008E-05,3.80536504433166070E-02,3.80536504434219811E-02,4.03927030042791823E-13,1.06146723201588505E-11,2.50802850709774816E-13,9.99999999999999889E-01,-0.9295467874056705,0,1,CONSISTENT_NUMERICALLY
SE_CLIP_LOW,D3,3.00000000000000008E-05,3.80536504435610434E-02,3.80536504434219811E-02,1.45477686783202011E-13,3.82296271415448164E-12,1.00065788988246103E-13,1.00000000000000000E+00,-1.2547066527209938,0,1,CONSISTENT_NUMERICALLY
SE_CLIP_LOW,D3,1.00000000000000005E-04,3.80536504434476133E-02,3.80536504434219811E-02,3.21171460414057020E-14,8.43996454141389707E-13,2.52749210449820794E-14,1.00000000000000000E+00,-1.5113192388837153,0,1,CONSISTENT_NUMERICALLY
SE_CLIP_LOW,D3,2.99999999999999974E-04,3.80536504434169295E-02,3.80536504434219811E-02,6.10456067938547875E-15,1.60419844305389705E-13,4.35762537165373863E-15,9.99999999999999889E-01,-0.6176699139797609,0,1,CONSISTENT_NUMERICALLY
SE_CLIP_LOW,D3,1.00000000000000002E-03,3.80536504434198786E-02,3.80536504434219811E-02,2.90193676970959483E-15,7.62590904129995012E-14,1.92207361138230187E-15,1.00000000000000000E+00,-1.1853868184277638,0,1,CONSISTENT_NUMERICALLY
SE_CLIP_LOW,D3,3.00000000000000006E-03,3.80536504434222725E-02,3.80536504434219811E-02,7.89068486822334361E-16,2.07356844252172887E-14,6.59194920871186696E-16,1.00000000000000000E+00,-0.5785039001250064,0,1,CONSISTENT_NUMERICALLY
SE_CLIP_LOW,D3,1.00000000000000002E-02,3.80536504434221823E-02,3.80536504434219811E-02,3.93212491342579019E-16,1.03331083026371895E-14,3.33066907387547011E-16,1.00000000000000000E+00,,0,1,CONSISTENT_NUMERICALLY
