state_id,direction_id,h,norm_fd,norm_kpp_raw_d,absolute_error_l2,relative_error_l2,absolute_error_inf,cosine_similarity,observed_slope,branch_crossed,finite,classification
BETA_MIN_NEG,D1,9.99999999999999955E-08,4.16666666481233031E-02,4.16766666666666466E-02,1.00000185433617898E-05,2.39942858754581999E-04,5.00002316301470517E-06,1.00000000000000000E+00,-0.5539199206647875,0,1,APPROXIMATE_BOUNDED_BY_JNUM
BETA_MIN_NEG,D1,2.99999999999999986E-07,4.16666666602302296E-02,4.16766666666666466E-02,1.00000064364290493E-05,2.39942568257915401E-04,5.00001132713867591E-06,1.00000000000000000E+00,-0.9821472703800374,0,1,APPROXIMATE_BOUNDED_BY_JNUM
BETA_MIN_NEG,D1,9.99999999999999955E-07,4.16666666687231374E-02,4.16766666666666466E-02,9.99999794350809338E-06,2.39942364476719897E-04,5.00000104529038562E-06,1.00000000000000000E+00,-1.2940370351355603,0,1,APPROXIMATE_BOUNDED_BY_JNUM
BETA_MIN_NEG,D1,3.00000000000000008E-06,4.16666666672865782E-02,4.16766666666666466E-02,9.99999938007363580E-06,2.39942398946020304E-04,4.99999997915709371E-06,1.00000000000000000E+00,-0.7122962937485791,0,1,APPROXIMATE_BOUNDED_BY_JNUM
BETA_MIN_NEG,D1,1.00000000000000008E-05,4.16666666670602523E-02,4.16766666666666466E-02,9.99999960640471364E-06,2.39942404376662812E-04,4.99999989874919115E-06,1.00000000000000000E+00,-1.352967802119377,0,1,APPROXIMATE_BOUNDED_BY_JNUM
BETA_MIN_NEG,D1,3.00000000000000008E-05,4.16666666666053384E-02,4.16766666666666466E-02,1.00000000613151302E-05,2.39942415291893093E-04,5.00000009119247468E-06,1.00000000000000000E+00,-1.0407652049689105,0,1,APPROXIMATE_BOUNDED_BY_JNUM
BETA_MIN_NEG,D1,1.00000000000000005E-04,4.16666666666664076E-02,4.16766666666666466E-02,1.00000000002407208E-05,2.39942413826459009E-04,5.00000002072106819E-06,1.00000000000000000E+00,-3.376681987802874,0,1,APPROXIMATE_BOUNDED_BY_JNUM
BETA_MIN_NEG,D1,2.99999999999999974E-04,4.16666666666670529E-02,4.16766666666666466E-02,9.99999999960060615E-06,2.39942413811100011E-04,5.00000000011602275E-06,9.99999999999999889E-01,1.0038457027914747,0,1,APPROXIMATE_BOUNDED_BY_JNUM
BETA_MIN_NEG,D1,1.00000000000000002E-03,4.16666666666684893E-02,4.16766666666666466E-02,9.99999999816772456E-06,2.39942413776719093E-04,4.99999999971356690E-06,9.99999999999999889E-01,-2.377536732980976,0,1,APPROXIMATE_BOUNDED_BY_JNUM
BETA_MIN_NEG,D1,3.00000000000000006E-03,4.16666666666666990E-02,4.16766666666666466E-02,9.99999999995448974E-06,2.39942413819591103E-04,5.00000000008479772E-06,1.00000000000000000E+00,0.8421399819983872,0,1,APPROXIMATE_BOUNDED_BY_JNUM
BETA_MIN_NEG,D1,1.00000000000000002E-02,4.16666666666670529E-02,4.16766666666666466E-02,9.99999999960581032E-06,2.39942413811224803E-04,4.99999999991479482E-06,1.00000000000000000E+00,,0,1,APPROXIMATE_BOUNDED_BY_JNUM
BETA_MIN_NEG,D2,9.99999999999999955E-08,2.32829872196590112E-02,2.32929872094275008E-02,9.99998976870331699E-06,4.29313324168913895E-04,5.00004130165460081E-06,1.00000000000000000E+00,-1.5737820655566575,0,1,APPROXIMATE_BOUNDED_BY_JNUM
BETA_MIN_NEG,D2,2.99999999999999986E-07,2.32829872028538706E-02,2.32929872094275008E-02,1.00000065736345903E-05,4.29314045627742717E-04,5.00001058259189142E-06,1.00000000000000000E+00,-1.160925049069092,0,1,APPROXIMATE_BOUNDED_BY_JNUM
BETA_MIN_NEG,D2,9.99999999999999955E-07,2.32829872091422502E-02,2.32929872094275008E-02,1.00000002852596605E-05,4.29313775659151994E-04,5.00000237879660858E-06,9.99999999999999778E-01,-0.582428431884514,0,1,APPROXIMATE_BOUNDED_BY_JNUM
BETA_MIN_NEG,D2,3.00000000000000008E-06,2.32829872102625901E-02,2.32929872094275008E-02,9.99999916491940165E-06,4.29313727561402903E-04,5.00000002969305801E-06,1.00000000000000000E+00,-2.0936004186836406,0,1,APPROXIMATE_BOUNDED_BY_JNUM
BETA_MIN_NEG,D2,1.00000000000000008E-05,2.32829872095149312E-02,2.32929872094275008E-02,9.99999991256779464E-06,4.29313759658977393E-04,4.99999999626320191E-06,1.00000000000000000E+00,0.13316849286091298,0,1,APPROXIMATE_BOUNDED_BY_JNUM
BETA_MIN_NEG,D2,3.00000000000000008E-05,2.32829872093184287E-02,2.32929872094275008E-02,1.00000001090772700E-05,4.29313768095399581E-04,5.00000011281406809E-06,1.00000000000000000E+00,-1.068397592192281,0,1,APPROXIMATE_BOUNDED_BY_JNUM
BETA_MIN_NEG,D2,1.00000000000000005E-04,2.32829872094523285E-02,2.32929872094275008E-02,9.99999997517830169E-06,4.29313762346932720E-04,5.00000001306746822E-06,9.99999999999999778E-01,-2.306676969505819,0,1,APPROXIMATE_BOUNDED_BY_JNUM
BETA_MIN_NEG,D2,2.99999999999999974E-04,2.32829872094305508E-02,2.32929872094275008E-02,9.99999999694994868E-06,4.29313763281619510E-04,4.99999999861028277E-06,9.99999999999999778E-01,0.024709609147278242,0,1,APPROXIMATE_BOUNDED_BY_JNUM
BETA_MIN_NEG,D2,1.00000000000000002E-03,2.32829872094278204E-02,2.32929872094275008E-02,9.99999999968040343E-06,4.29313763398841606E-04,5.00000000227922292E-06,1.00000000000000000E+00,-1.4364850335855608,0,1,APPROXIMATE_BOUNDED_BY_JNUM
BETA_MIN_NEG,D2,3.00000000000000006E-03,2.32829872094269183E-02,2.32929872094275008E-02,1.00000000005850600E-05,4.29313763437679788E-04,5.00000000047337578E-06,1.00000000000000000E+00,-1.563669408673755,0,1,APPROXIMATE_BOUNDED_BY_JNUM
BETA_MIN_NEG,D2,1.00000000000000002E-02,2.32829872094276087E-02,2.32929872094275008E-02,9.99999999989811122E-06,4.29313763408188079E-04,4.99999999995469262E-06,1.00000000000000000E+00,,0,1,APPROXIMATE_BOUNDED_BY_JNUM
BETA_MIN_NEG,D3,9.99999999999999955E-08,4.01924343030504103E-02,4.02023377625335479E-02,9.99997691232757313E-06,2.48741179465613617E-04,7.55745360205006822E-06,9.99999999405559836E-01,-0.9205303570011127,0,1,APPROXIMATE_BOUNDED_BY_JNUM
BETA_MIN_NEG,D3,2.99999999999999986E-07,4.01924342912265628E-02,4.02023377625335479E-02,9.99999621592808331E-06,2.48741659626758077E-04,7.55747108481183427E-06,9.99999999405512874E-01,-1.964915611983214,0,1,APPROXIMATE_BOUNDED_BY_JNUM
BETA_MIN_NEG,D3,9.99999999999999955E-07,4.01924342878587221E-02,4.02023377625335479E-02,9.99999843431014197E-06,2.48741714807182489E-04,7.55746558248407418E-06,9.99999999405519757E-01,0.04059439958827791,0,1,APPROXIMATE_BOUNDED_BY_JNUM
BETA_MIN_NEG,D3,3.00000000000000008E-06,4.01924342875293189E-02,4.02023377625335479E-02,9.99999864103981014E-06,2.48741719949412501E-04,7.55746468350179668E-06,9.99999999405520312E-01,-0.8217921623515583,0,1,APPROXIMATE_BOUNDED_BY_JNUM
BETA_MIN_NEG,D3,1.00000000000000008E-05,4.01924342862609307E-02,4.02023377625335479E-02,9.99999993917998927E-06,2.48741752239579027E-04,7.55746518675548540E-06,9.99999999405520201E-01,-1.4773711079406782,0,1,APPROXIMATE_BOUNDED_BY_JNUM
BETA_MIN_NEG,D3,3.00000000000000008E-05,4.01924342863484371E-02,4.02023377625335479E-02,9.99999987375545920E-06,2.48741750612197692E-04,7.55746576680191295E-06,9.99999999405519979E-01,-1.2171543562625526,0,1,APPROXIMATE_BOUNDED_BY_JNUM
BETA_MIN_NEG,D3,1.00000000000000005E-04,4.01924342862326131E-02,4.02023377625335479E-02,9.99999998595472919E-06,2.48741753403062074E-04,7.55746577804985997E-06,9.99999999405520201E-01,-1.47344750799062,0,1,APPROXIMATE_BOUNDED_BY_JNUM
BETA_MIN_NEG,D3,2.99999999999999974E-04,4.01924342862112691E-02,4.02023377625335479E-02,1.00000000039022596E-05,2.48741753849492076E-04,7.55746578685531634E-06,9.99999999405520201E-01,-0.1561687787984697,0,1,APPROXIMATE_BOUNDED_BY_JNUM
BETA_MIN_NEG,D3,1.00000000000000002E-03,4.01924342862139128E-02,4.02023377625335479E-02,1.00000000015179804E-05,2.48741753790185079E-04,7.55746578139787628E-06,9.99999999405520090E-01,-1.7208799381319824,0,1,APPROXIMATE_BOUNDED_BY_JNUM
BETA_MIN_NEG,D3,3.00000000000000006E-03,4.01924342862154393E-02,4.02023377625335479E-02,1.00000000000156896E-05,2.48741753752816912E-04,7.55746578464527863E-06,9.99999999405520090E-01,-0.40966103663736253,0,1,APPROXIMATE_BOUNDED_BY_JNUM
BETA_MIN_NEG,D3,1.00000000000000002E-02,4.01924342862155920E-02,4.02023377625335479E-02,9.99999999979133595E-06,2.48741753747236307E-04,7.55746578361138259E-06,9.99999999405520201E-01,,0,1,APPROXIMATE_BOUNDED_BY_JNUM
BETA_MIN_POS,D1,9.99999999999999955E-08,4.16666666471746175E-02,4.16766666666666466E-02,1.00000194920410794E-05,2.39942881517421789E-04,5.00002397616633539E-06,1.00000000000000000E+00,-0.9223106825315918,0,1,APPROXIMATE_BOUNDED_BY_JNUM
BETA_MIN_POS,D1,2.99999999999999986E-07,4.16666666605464628E-02,4.16766666666666466E-02,1.00000061202018600E-05,2.39942560670283896E-04,5.00000843593750939E-06,1.00000000000000000E+00,-0.9212071230271279,0,1,APPROXIMATE_BOUNDED_BY_JNUM
BETA_MIN_POS,D1,9.99999999999999955E-07,4.16666666686960410E-02,4.16766666666666466E-02,9.99999797061451480E-06,2.39942365127117900E-04,5.00000028634886573E-06,1.00000000000000000E+00,-1.0882555752789513,0,1,APPROXIMATE_BOUNDED_BY_JNUM
BETA_MIN_POS,D1,3.00000000000000008E-06,4.16666666673136815E-02,4.16766666666666466E-02,9.99999935297204416E-06,2.39942398295738094E-04,4.99999996108821398E-06,1.00000000000000000E+00,-0.61184751050989,0,1,APPROXIMATE_BOUNDED_BY_JNUM
BETA_MIN_POS,D1,1.00000000000000008E-05,4.16666666670643185E-02,4.16766666666666466E-02,9.99999960234025823E-06,2.39942404279139287E-04,4.99999991230085095E-06,1.00000000000000000E+00,-1.5013595517614444,0,1,APPROXIMATE_BOUNDED_BY_JNUM
BETA_MIN_POS,D1,3.00000000000000008E-05,4.16666666666044433E-02,4.16766666666666466E-02,1.00000000622223906E-05,2.39942415313662110E-04,5.00000008035392240E-06,9.99999999999999889E-01,-0.8440111688986589,0,1,APPROXIMATE_BOUNDED_BY_JNUM
BETA_MIN_POS,D1,1.00000000000000005E-04,4.16666666666674970E-02,4.16766666666666466E-02,9.99999999915825166E-06,2.39942413800485997E-04,5.00000002180353564E-06,1.00000000000000000E+00,-4.638697126516455,0,1,APPROXIMATE_BOUNDED_BY_JNUM
BETA_MIN_POS,D1,2.99999999999999974E-04,4.16666666666666019E-02,4.16766666666666466E-02,1.00000000000533707E-05,2.39942413821963690E-04,5.00000000011949219E-06,1.00000000000000000E+00,2.0977824366589806,0,1,APPROXIMATE_BOUNDED_BY_JNUM
BETA_MIN_POS,D1,1.00000000000000002E-03,4.16666666666685032E-02,4.16766666666666466E-02,9.99999999815384677E-06,2.39942413776386107E-04,4.99999999979336418E-06,1.00000000000000000E+00,-3.149556345570867,0,1,APPROXIMATE_BOUNDED_BY_JNUM
BETA_MIN_POS,D1,3.00000000000000006E-03,4.16666666666666505E-02,4.16766666666666466E-02,1.00000000000065297E-05,2.39942413820839806E-04,5.00000000004663381E-06,1.00000000000000000E+00,1.5072016208845291,0,1,APPROXIMATE_BOUNDED_BY_JNUM
BETA_MIN_POS,D1,1.00000000000000002E-02,4.16666666666670529E-02,4.16766666666666466E-02,9.99999999960234087E-06,2.39942413811141590E-04,4.99999999991479482E-06,1.00000000000000000E+00,,0,1,APPROXIMATE_BOUNDED_BY_JNUM
BETA_MIN_POS,D2,9.99999999999999955E-08,1.13448383535206601E-02,1.13548383583568606E-02,1.00000048363974695E-05,8.80682271363002309E-04,5.00004537961479341E-06,1.00000000000000000E+00,-1.6996343711235045,0,1,APPROXIMATE_BOUNDED_BY_JNUM
BETA_MIN_POS,D2,2.99999999999999986E-07,1.13448383546952102E-02,1.13548383583568606E-02,1.00000036616569702E-05,8.80682167905739261E-04,5.00000923954208726E-06,1.00000000000000000E+00,-1.0800463502605113,0,1,APPROXIMATE_BOUNDED_BY_JNUM
BETA_MIN_POS,D2,9.99999999999999955E-07,1.13448383583724596E-02,1.13548383583568606E-02,9.99999998440173324E-06,8.80681844056546682E-04,5.00000217415821901E-06,1.00000000000000000E+00,-0.8052586926249665,0,1,APPROXIMATE_BOUNDED_BY_JNUM
BETA_MIN_POS,D2,3.00000000000000008E-06,1.13448383588151801E-02,1.13548383583568606E-02,9.99999954168526395E-06,8.80681805067311013E-04,5.00000016838159783E-06,1.00000000000000000E+00,-1.968671707881332,0,1,APPROXIMATE_BOUNDED_BY_JNUM
BETA_MIN_POS,D2,1.00000000000000008E-05,1.13448383584483607E-02,1.13548383583568606E-02,9.99999990850897538E-06,8.80681837372809351E-04,4.99999997322607415E-06,9.99999999999999778E-01,-0.08984591949453063,0,1,APPROXIMATE_BOUNDED_BY_JNUM
BETA_MIN_POS,D2,3.00000000000000008E-05,1.13448383583083096E-02,1.13548383583568606E-02,1.00000000485501692E-05,8.80681849705982679E-04,5.00000008526232163E-06,1.00000000000000000E+00,-0.9809986252377703,0,1,APPROXIMATE_BOUNDED_BY_JNUM
BETA_MIN_POS,D2,1.00000000000000005E-04,1.13448383583675799E-02,1.13548383583568606E-02,9.99999998928030251E-06,8.80681844486193451E-04,5.00000001659589577E-06,1.00000000000000000E+00,-2.7388494069153797,0,1,APPROXIMATE_BOUNDED_BY_JNUM
BETA_MIN_POS,D2,2.99999999999999974E-04,1.13448383583581898E-02,1.13548383583568606E-02,9.99999999867556486E-06,8.80681845313617193E-04,4.99999999960688141E-06,1.00000000000000000E+00,0.564348791330474,0,1,APPROXIMATE_BOUNDED_BY_JNUM
BETA_MIN_POS,D2,1.00000000000000002E-03,1.13448383583569807E-02,1.13548383583568606E-02,9.99999999987859559E-06,8.80681845419565863E-04,5.00000000217600687E-06,1.00000000000000000E+00,-2.2058666332800723,0,1,APPROXIMATE_BOUNDED_BY_JNUM
BETA_MIN_POS,D2,3.00000000000000006E-03,1.13448383583566598E-02,1.13548383583568606E-02,1.00000000002038596E-05,8.80681845448211026E-04,5.00000000017066738E-06,1.00000000000000000E+00,-0.7880239347067236,0,1,APPROXIMATE_BOUNDED_BY_JNUM
BETA_MIN_POS,D2,1.00000000000000002E-02,1.13448383583569599E-02,1.13548383583568606E-02,9.99999999990591748E-06,8.80681845421972032E-04,4.99999999995903027E-06,1.00000000000000000E+00,,0,1,APPROXIMATE_BOUNDED_BY_JNUM
BETA_MIN_POS,D3,9.99999999999999955E-08,3.85608487157763566E-02,3.85705152581998986E-02,9.99998003826393862E-06,2.59264880733943285E-04,7.55745776654867529E-06,9.99999997795499862E-01,-0.7848880965471735,0,1,APPROXIMATE_BOUNDED_BY_JNUM
BETA_MIN_POS,D3,2.99999999999999986E-07,3.85608487071971914E-02,3.85705152581998986E-02,9.99999430134229401E-06,2.59265250526212411E-04,7.55746878926960575E-06,9.99999997795459894E-01,-1.7712669774795102,0,1,APPROXIMATE_BOUNDED_BY_JNUM
BETA_MIN_POS,D3,9.99999999999999955E-07,3.85608486996898772E-02,3.85705152581998986E-02,9.99999851118793138E-06,2.59265359672943019E-04,7.55746508491334042E-06,9.99999997795480100E-01,-0.03814012771328003,0,1,APPROXIMATE_BOUNDED_BY_JNUM
BETA_MIN_POS,D3,3.00000000000000008E-06,3.85608486993605226E-02,3.85705152581998986E-02,9.99999865851175018E-06,2.59265363492539784E-04,7.55746465123247142E-06,9.99999997795481321E-01,-1.1085478390253956,0,1,APPROXIMATE_BOUNDED_BY_JNUM
BETA_MIN_POS,D3,1.00000000000000008E-05,3.85608486978428616E-02,3.85705152581998986E-02,9.99999999379786972E-06,2.59265398111888621E-04,7.55746540475471518E-06,9.99999997795481987E-01,-1.2059302230670406,0,1,APPROXIMATE_BOUNDED_BY_JNUM
BETA_MIN_POS,D3,3.00000000000000008E-05,3.85608486980499529E-02,3.85705152581998986E-02,9.99999987050770110E-06,2.59265394915401113E-04,7.55746573904980679E-06,9.99999997795481765E-01,-1.244923825278883,0,1,APPROXIMATE_BOUNDED_BY_JNUM
BETA_MIN_POS,D3,1.00000000000000005E-04,3.85608486979317280E-02,3.85705152581998986E-02,9.99999998211197110E-06,2.59265397808913691E-04,7.55746577826149624E-06,9.99999997795481765E-01,-1.4462483431883657,0,1,APPROXIMATE_BOUNDED_BY_JNUM
BETA_MIN_POS,D3,2.99999999999999974E-04,3.85608486979032994E-02,3.85705152581998986E-02,1.00000000043324795E-05,2.59265398385014707E-04,7.55746578639040960E-06,9.99999997795481765E-01,-0.4479802553569795,0,1,APPROXIMATE_BOUNDED_BY_JNUM
BETA_MIN_POS,D3,1.00000000000000002E-03,3.85608486979063733E-02,3.85705152581998986E-02,1.00000000015663799E-05,2.59265398313299287E-04,7.55746578276136893E-06,9.99999997795481765E-01,-1.4433252385385549,0,1,APPROXIMATE_BOUNDED_BY_JNUM
BETA_MIN_POS,D3,3.00000000000000006E-03,3.85608486979086285E-02,3.85705152581998986E-02,9.99999999978247259E-06,2.59265398267048577E-04,7.55746578429486364E-06,9.99999997795481765E-01,-0.5053380072030895,0,1,APPROXIMATE_BOUNDED_BY_JNUM
BETA_MIN_POS,D3,1.00000000000000002E-02,3.85608486979085383E-02,3.85705152581998986E-02,9.99999999982681138E-06,2.59265398268198211E-04,7.55746578374669187E-06,9.99999997795481765E-01,,0,1,APPROXIMATE_BOUNDED_BY_JNUM
FINAL_CLIP_HIGH,D1,9.99999999999999955E-08,4.16666666469035774E-02,4.16766666666666674E-02,1.00000197631022002E-05,2.39942888021327602E-04,5.00002397616980399E-06,1.00000000000000000E+00,-0.9988169153910376,0,1,APPROXIMATE_BOUNDED_BY_JNUM
FINAL_CLIP_HIGH,D1,2.99999999999999986E-07,4.16666666602754088E-02,4.16766666666666674E-02,1.00000063912603194E-05,2.39942567174125903E-04,5.00000807453909735E-06,9.99999999999999889E-01,-0.969298421589587,0,1,APPROXIMATE_BOUNDED_BY_JNUM
FINAL_CLIP_HIGH,D1,9.99999999999999955E-07,4.16666666687231513E-02,4.16766666666666674E-02,9.99999794351975532E-06,2.39942364476999594E-04,4.99999979846135841E-06,9.99999999999999778E-01,-1.0646419321018352,0,1,APPROXIMATE_BOUNDED_BY_JNUM
FINAL_CLIP_HIGH,D1,3.00000000000000008E-06,4.16666666672865782E-02,4.16766666666666674E-02,9.99999938008750004E-06,2.39942398946352910E-04,4.99999994302280371E-06,9.99999999999999889E-01,-0.5006592899488641,0,1,APPROXIMATE_BOUNDED_BY_JNUM
FINAL_CLIP_HIGH,D1,1.00000000000000008E-05,4.16666666670588923E-02,4.16766666666666674E-02,9.99999960777167912E-06,2.39942404409461987E-04,4.99999992314634212E-06,9.99999999999999889E-01,-1.5490755446678668,0,1,APPROXIMATE_BOUNDED_BY_JNUM
FINAL_CLIP_HIGH,D1,3.00000000000000008E-05,4.16666666666035274E-02,4.16766666666666674E-02,1.00000000631331204E-05,2.39942415335514287E-04,5.00000007674222813E-06,1.00000000000000000E+00,-0.7884608707393979,0,1,APPROXIMATE_BOUNDED_BY_JNUM
FINAL_CLIP_HIGH,D1,1.00000000000000005E-04,4.16666666666666921E-02,4.16766666666666674E-02,9.99999999998224531E-06,2.39942413820256993E-04,5.00000002289641059E-06,1.00000000000000000E+00,-3.938700816586887,0,1,APPROXIMATE_BOUNDED_BY_JNUM
FINAL_CLIP_HIGH,D1,2.99999999999999974E-04,4.16666666666670529E-02,4.16766666666666674E-02,9.99999999961274921E-06,2.39942413811391309E-04,4.99999999993908095E-06,1.00000000000000000E+00,1.513733904728865,0,1,APPROXIMATE_BOUNDED_BY_JNUM
FINAL_CLIP_HIGH,D1,1.00000000000000002E-03,4.16666666666685934E-02,4.16766666666666674E-02,9.99999999808272311E-06,2.39942413774679410E-04,4.99999999985234478E-06,9.99999999999999889E-01,-3.5341061468228383,0,1,APPROXIMATE_BOUNDED_BY_JNUM
FINAL_CLIP_HIGH,D1,3.00000000000000006E-03,4.16666666666666227E-02,4.16766666666666674E-02,1.00000000000533707E-05,2.39942413821963609E-04,5.00000000005357270E-06,1.00000000000000000E+00,1.7734557768490957,0,1,APPROXIMATE_BOUNDED_BY_JNUM
FINAL_CLIP_HIGH,D1,1.00000000000000002E-02,4.16666666666670529E-02,4.16766666666666674E-02,9.99999999960927977E-06,2.39942413811307988E-04,4.99999999992520316E-06,1.00000000000000000E+00,,0,1,APPROXIMATE_BOUNDED_BY_JNUM
FINAL_CLIP_HIGH,D2,9.99999999999999955E-08,4.62962961993466666E-03,4.63962962967160494E-03,1.00000097371257099E-05,2.15534655464158509E-03,5.00004593262642211E-06,9.99999999999999889E-01,-1.807005027056787,0,1,APPROXIMATE_BOUNDED_BY_JNUM
FINAL_CLIP_HIGH,D2,2.99999999999999986E-07,4.62962962761443060E-03,4.63962962967160494E-03,1.00000020571768598E-05,2.15534489934806912E-03,5.00000798555038511E-06,1.00000000000000000E+00,-1.025659190877534,0,1,APPROXIMATE_BOUNDED_BY_JNUM
FINAL_CLIP_HIGH,D2,9.99999999999999955E-07,4.62962963004485105E-03,4.63962962967160494E-03,9.99999962675418553E-06,2.15534437550826382E-03,5.00000185980897793E-06,9.99999999999999889E-01,-0.9831834204166349,0,1,APPROXIMATE_BOUNDED_BY_JNUM
FINAL_CLIP_HIGH,D2,3.00000000000000008E-06,4.62962962992739639E-03,4.63962962967160494E-03,9.99999974420922719E-06,2.15534440082387193E-03,5.00000017929561058E-06,1.00000000000000000E+00,-2.1136278366717094,0,1,APPROXIMATE_BOUNDED_BY_JNUM
FINAL_CLIP_HIGH,D2,1.00000000000000008E-05,4.62962962973314292E-03,4.63962962967160494E-03,9.99999993846201196E-06,2.15534444269203799E-03,4.99999998413835217E-06,1.00000000000000000E+00,0.19048957577378547,0,1,APPROXIMATE_BOUNDED_BY_JNUM
FINAL_CLIP_HIGH,D2,3.00000000000000008E-05,4.62962962965273242E-03,4.63962962967160494E-03,1.00000000188736008E-05,2.15534446002350498E-03,5.00000007448838865E-06,1.00000000000000000E+00,-1.0926051933627123,0,1,APPROXIMATE_BOUNDED_BY_JNUM
FINAL_CLIP_HIGH,D2,1.00000000000000005E-04,4.62962962967459601E-03,4.63962962967160494E-03,9.99999999700892928E-06,2.15534445531091485E-03,5.00000001666441735E-06,1.00000000000000000E+00,-2.9648219997215177,0,1,APPROXIMATE_BOUNDED_BY_JNUM
FINAL_CLIP_HIGH,D2,2.99999999999999974E-04,4.62962962967143361E-03,4.63962962967160494E-03,1.00000000001708999E-05,2.15534445599242785E-03,5.00000000076264092E-06,1.00000000000000000E+00,0.9239017549271066,0,1,APPROXIMATE_BOUNDED_BY_JNUM
FINAL_CLIP_HIGH,D2,1.00000000000000002E-03,4.62962962967183173E-03,4.63962962967160494E-03,9.99999999977364482E-06,2.15534445590680711E-03,5.00000000202855538E-06,9.99999999999999889E-01,-3.755649807696332,0,1,APPROXIMATE_BOUNDED_BY_JNUM
FINAL_CLIP_HIGH,D2,3.00000000000000006E-03,4.62962962967160534E-03,4.63962962967160494E-03,9.99999999999937571E-06,2.15534445595546003E-03,5.00000000002278136E-06,1.00000000000000000E+00,0.6457331577809476,0,1,APPROXIMATE_BOUNDED_BY_JNUM
FINAL_CLIP_HIGH,D2,1.00000000000000002E-02,4.62962962967169035E-03,4.63962962967160494E-03,9.99999999991459110E-06,2.15534445593718602E-03,4.99999999996857125E-06,1.00000000000000000E+00,,0,1,APPROXIMATE_BOUNDED_BY_JNUM
FINAL_CLIP_HIGH,D3,9.99999999999999955E-08,3.80536504619692767E-02,3.80630719810339177E-02,9.99998165693892874E-06,2.62721350024551980E-04,7.55745974355750971E-06,9.99999996121820445E-01,-0.6835970806469164,0,1,APPROXIMATE_BOUNDED_BY_JNUM
FINAL_CLIP_HIGH,D3,2.99999999999999986E-07,3.80536504546838128E-02,3.80630719810339177E-02,9.99999276097756154E-06,2.62721641751889091E-04,7.55746733297271711E-06,9.99999996121791135E-01,-1.5232245100474642,0,1,APPROXIMATE_BOUNDED_BY_JNUM
FINAL_CLIP_HIGH,D3,9.99999999999999955E-07,3.80536504451810809E-02,3.80630719810339177E-02,9.99999856903165719E-06,2.62721794342150319E-04,7.55746478509761177E-06,9.99999996121812673E-01,-0.22464440377048658,0,1,APPROXIMATE_BOUNDED_BY_JNUM
FINAL_CLIP_HIGH,D3,3.00000000000000008E-06,3.80536504449464977E-02,3.80630719810339177E-02,9.99999865884321958E-06,2.62721796701696091E-04,7.55746467667739537E-06,9.99999996121813894E-01,-1.3802162751828035,0,1,APPROXIMATE_BOUNDED_BY_JNUM
FINAL_CLIP_HIGH,D3,1.00000000000000008E-05,3.80536504433166070E-02,3.80630719810339177E-02,1.00000000166810696E-05,2.62721832375060907E-04,7.55746553320058023E-06,9.99999996121814783E-01,-0.9295467874056705,0,1,APPROXIMATE_BOUNDED_BY_JNUM
FINAL_CLIP_HIGH,D3,3.00000000000000008E-05,3.80536504435610434E-02,3.80630719810339177E-02,9.99999987161442249E-06,2.62721828563843289E-04,7.55746572293422569E-06,9.99999996121814450E-01,-1.2547066527209938,0,1,APPROXIMATE_BOUNDED_BY_JNUM
FINAL_CLIP_HIGH,D3,1.00000000000000005E-04,3.80536504434476133E-02,3.80630719810339177E-02,9.99999998045431915E-06,2.62721831423304980E-04,7.55746577822680177E-06,9.99999996121814450E-01,-1.5113192388837153,0,1,APPROXIMATE_BOUNDED_BY_JNUM
FINAL_CLIP_HIGH,D3,2.99999999999999974E-04,3.80536504434169295E-02,3.80630719810339177E-02,1.00000000042834803E-05,2.62721832049349173E-04,7.55746578617530473E-06,9.99999996121814450E-01,-0.6176699139797609,0,1,APPROXIMATE_BOUNDED_BY_JNUM
FINAL_CLIP_HIGH,D3,1.00000000000000002E-03,3.80536504434198786E-02,3.80630719810339177E-02,1.00000000015452295E-05,2.62721831977409323E-04,7.55746578359403620E-06,9.99999996121814450E-01,-1.1853868184277638,0,1,APPROXIMATE_BOUNDED_BY_JNUM
FINAL_CLIP_HIGH,D3,3.00000000000000006E-03,3.80536504434222725E-02,3.80630719810339177E-02,9.99999999973862847E-06,2.62721831929945988E-04,7.55746578417343384E-06,9.99999996121814450E-01,-0.5785039001250064,0,1,APPROXIMATE_BOUNDED_BY_JNUM
FINAL_CLIP_HIGH,D3,1.00000000000000002E-02,3.80536504434221823E-02,3.80630719810339177E-02,9.99999999986005403E-06,2.62721831933136090E-04,7.55746578382648915E-06,9.99999996121814561E-01,,0,1,APPROXIMATE_BOUNDED_BY_JNUM
FINAL_CLIP_LOW,D1,9.99999999999999955E-08,4.16666666477167325E-02,4.16766666666666605E-02,1.00000189499428493E-05,2.39942868510185903E-04,5.00002234986307581E-06,9.99999999999999889E-01,-0.11501425071552597,0,1,APPROXIMATE_BOUNDED_BY_JNUM
FINAL_CLIP_LOW,D1,2.99999999999999986E-07,4.16666666604560976E-02,4.16766666666666605E-02,1.00000062105746799E-05,2.39942562838711091E-04,5.00001530255589440E-06,1.00000000000000000E+00,-1.0389622195072332,0,1,APPROXIMATE_BOUNDED_BY_JNUM
FINAL_CLIP_LOW,D1,9.99999999999999955E-07,4.16666666683436701E-02,4.16766666666666605E-02,9.99999832298526409E-06,2.39942373581986703E-04,5.00000267159364520E-06,1.00000000000000000E+00,-1.4817884198901483,0,1,APPROXIMATE_BOUNDED_BY_JNUM
FINAL_CLIP_LOW,D1,3.00000000000000008E-06,4.16666666672865782E-02,4.16766666666666605E-02,9.99999938008060349E-06,2.39942398946187406E-04,5.00000019599752821E-06,9.99999999999999889E-01,-0.9321663174965419,0,1,APPROXIMATE_BOUNDED_BY_JNUM
FINAL_CLIP_LOW,D1,1.00000000000000008E-05,4.16666666670453406E-02,4.16766666666666605E-02,9.99999962131639833E-06,2.39942404734457308E-04,4.99999988520100080E-06,1.00000000000000000E+00,-1.0317500559869335,0,1,APPROXIMATE_BOUNDED_BY_JNUM
FINAL_CLIP_LOW,D1,3.00000000000000008E-05,4.16666666665981081E-02,4.16766666666666605E-02,1.00000000685489305E-05,2.39942415465462503E-04,5.00000012372547875E-06,1.00000000000000000E+00,-1.3458500245149385,0,1,APPROXIMATE_BOUNDED_BY_JNUM
FINAL_CLIP_LOW,D1,1.00000000000000005E-04,4.16666666666666921E-02,4.16766666666666605E-02,9.99999999997530642E-06,2.39942413820090595E-04,5.00000001747019640E-06,1.00000000000000000E+00,-3.330150184660768,0,1,APPROXIMATE_BOUNDED_BY_JNUM
FINAL_CLIP_LOW,D1,2.99999999999999974E-04,4.16666666666670529E-02,4.16766666666666605E-02,9.99999999960581032E-06,2.39942413811224803E-04,5.00000000011949219E-06,1.00000000000000000E+00,1.0587050244860763,0,1,APPROXIMATE_BOUNDED_BY_JNUM
FINAL_CLIP_LOW,D1,1.00000000000000002E-03,4.16666666666686281E-02,4.16766666666666605E-02,9.99999999802374251E-06,2.39942413773264310E-04,4.99999999968928077E-06,1.00000000000000000E+00,-1.9372950739915722,0,1,APPROXIMATE_BOUNDED_BY_JNUM
FINAL_CLIP_LOW,D1,3.00000000000000006E-03,4.16666666666666227E-02,4.16766666666666605E-02,1.00000000000447004E-05,2.39942413821755496E-04,5.00000000022704505E-06,9.99999999999999889E-01,0.37288661767459524,0,1,APPROXIMATE_BOUNDED_BY_JNUM
FINAL_CLIP_LOW,D1,1.00000000000000002E-02,4.16666666666670391E-02,4.16766666666666605E-02,9.99999999961968811E-06,2.39942413811557788E-04,4.99999999991826427E-06,1.00000000000000000E+00,,0,1,APPROXIMATE_BOUNDED_BY_JNUM
FINAL_CLIP_LOW,D2,9.99999999999999955E-08,4.65996002812292670E-02,4.66096002441077073E-02,9.99996287865806942E-06,2.14547278377961298E-04,5.00003144805749589E-06,1.00000000000000000E+00,-1.323804122362476,0,1,APPROXIMATE_BOUNDED_BY_JNUM
FINAL_CLIP_LOW,D2,2.99999999999999986E-07,4.65996002320787778E-02,4.66096002441077073E-02,1.00000120289531704E-05,2.14548332888080199E-04,5.00001410082273612E-06,1.00000000000000000E+00,-1.2293132091822674,0,1,APPROXIMATE_BOUNDED_BY_JNUM
FINAL_CLIP_LOW,D2,9.99999999999999955E-07,4.65996002428485170E-02,4.66096002441077073E-02,1.00000012592048502E-05,2.14548101825203495E-04,5.00000298773659035E-06,1.00000000000000000E+00,-0.5355166219728379,0,1,APPROXIMATE_BOUNDED_BY_JNUM
FINAL_CLIP_LOW,D2,3.00000000000000008E-06,4.65996002455680500E-02,4.66096002441077073E-02,9.99999853966613960E-06,2.14548043478024003E-04,5.00000000618061602E-06,1.00000000000000000E+00,-1.9353199658888727,0,1,APPROXIMATE_BOUNDED_BY_JNUM
FINAL_CLIP_LOW,D2,1.00000000000000008E-05,4.65996002442200172E-02,4.66096002441077073E-02,9.99999988769359641E-06,2.14548072399693587E-04,5.00000005497144935E-06,1.00000000000000000E+00,0.13987934727761667,0,1,APPROXIMATE_BOUNDED_BY_JNUM
FINAL_CLIP_LOW,D2,3.00000000000000008E-05,4.65996002438911622E-02,4.66096002441077073E-02,1.00000002165659407E-05,2.14548079455586404E-04,5.00000015436069534E-06,1.00000000000000000E+00,-1.1164232669332137,0,1,APPROXIMATE_BOUNDED_BY_JNUM
FINAL_CLIP_LOW,D2,1.00000000000000005E-04,4.65996002441606688E-02,4.66096002441077073E-02,9.99999994705062789E-06,2.14548073673187213E-04,5.00000000619449381E-06,1.00000000000000000E+00,-2.004844282528712,0,1,APPROXIMATE_BOUNDED_BY_JNUM
FINAL_CLIP_LOW,D2,2.99999999999999974E-04,4.65996002441149068E-02,4.66096002441077073E-02,9.99999999280742902E-06,2.14548074654890593E-04,4.99999999678535367E-06,1.00000000000000000E+00,-0.3924310175980838,0,1,APPROXIMATE_BOUNDED_BY_JNUM
FINAL_CLIP_LOW,D2,1.00000000000000002E-03,4.65996002441080373E-02,4.66096002441077073E-02,9.99999999967346453E-06,2.14548074802200112E-04,5.00000000271463936E-06,1.00000000000000000E+00,-0.9844887214244229,0,1,APPROXIMATE_BOUNDED_BY_JNUM
FINAL_CLIP_LOW,D2,3.00000000000000006E-03,4.65996002441062471E-02,4.66096002441077073E-02,1.00000000014671703E-05,2.14548074840683706E-04,5.00000000106665121E-06,1.00000000000000000E+00,-2.3897996762413203,0,1,APPROXIMATE_BOUNDED_BY_JNUM
FINAL_CLIP_LOW,D2,1.00000000000000002E-02,4.65996002441077875E-02,4.66096002441077073E-02,9.99999999992326472E-06,2.14548074807559513E-04,4.99999999997030597E-06,1.00000000000000000E+00,,0,1,APPROXIMATE_BOUNDED_BY_JNUM
FINAL_CLIP_LOW,D3,9.99999999999999955E-08,4.56694674758548469E-02,4.56792650929353089E-02,9.99997166898609977E-06,2.18917087405871608E-04,7.55744645601630265E-06,9.99999999039825171E-01,-1.011243522373814,0,1,APPROXIMATE_BOUNDED_BY_JNUM
FINAL_CLIP_LOW,D3,2.99999999999999986E-07,4.56694674538400819E-02,4.56792650929353089E-02,1.00000001599329994E-05,2.18917711123150008E-04,7.55747536806961136E-06,9.99999999039792087E-01,-1.79416789847386,0,1,APPROXIMATE_BOUNDED_BY_JNUM
FINAL_CLIP_LOW,D3,9.99999999999999955E-07,4.56694674616425073E-02,4.56792650929353089E-02,9.99999848525618372E-06,2.18917674461509000E-04,7.55746656796313365E-06,9.99999999039763443E-01,-0.3541057131369731,0,1,APPROXIMATE_BOUNDED_BY_JNUM
FINAL_CLIP_LOW,D3,3.00000000000000008E-06,4.56694674613867813E-02,4.56792650929353089E-02,9.99999861489178617E-06,2.18917677299461909E-04,7.55746468868168098E-06,9.99999999039763998E-01,-0.49897806244299314,0,1,APPROXIMATE_BOUNDED_BY_JNUM
FINAL_CLIP_LOW,D3,1.00000000000000008E-05,4.56694674607016418E-02,4.56792650929353089E-02,9.99999986625380846E-06,2.18917704693992400E-04,7.55746476819446622E-06,9.99999999039761112E-01,-1.6453940209801674,0,1,APPROXIMATE_BOUNDED_BY_JNUM
FINAL_CLIP_LOW,D3,3.00000000000000008E-05,4.56694674605254980E-02,4.56792650929353089E-02,9.99999988027997442E-06,2.18917705001050002E-04,7.55746582348226781E-06,9.99999999039762000E-01,-1.1526861429761752,0,1,APPROXIMATE_BOUNDED_BY_JNUM
FINAL_CLIP_LOW,D3,1.00000000000000005E-04,4.56694674604194786E-02,4.56792650929353089E-02,9.99999999126699288E-06,2.18917707430752411E-04,7.55746577704025091E-06,9.99999999039762000E-01,-1.4971714203177995,0,1,APPROXIMATE_BOUNDED_BY_JNUM
FINAL_CLIP_LOW,D3,2.99999999999999974E-04,4.56694674604135667E-02,4.56792650929353089E-02,1.00000000033335701E-05,2.18917707694911195E-04,7.55746578823962567E-06,9.99999999039762000E-01,0.01726896745214598,0,1,APPROXIMATE_BOUNDED_BY_JNUM
FINAL_CLIP_LOW,D3,1.00000000000000002E-03,4.56694674604151488E-02,4.56792650929353089E-02,1.00000000016313897E-05,2.18917707657647411E-04,7.55746577883048638E-06,9.99999999039762000E-01,-1.832330478206765,0,1,APPROXIMATE_BOUNDED_BY_JNUM
FINAL_CLIP_LOW,D3,3.00000000000000006E-03,4.56694674604150308E-02,4.56792650929353089E-02,1.00000000003726597E-05,2.18917707630091491E-04,7.55746578522814572E-06,9.99999999039762222E-01,-0.45200152028320817,0,1,APPROXIMATE_BOUNDED_BY_JNUM
FINAL_CLIP_LOW,D3,1.00000000000000002E-02,4.56694674604159120E-02,4.56792650929353089E-02,9.99999999972503698E-06,2.18917707615914003E-04,7.55746578332688879E-06,9.99999999039762222E-01,,0,1,APPROXIMATE_BOUNDED_BY_JNUM
I0,D1,9.99999999999999955E-08,4.16666666666712093E-02,4.16766666666666605E-02,9.99999999554535460E-06,2.39942413713797203E-04,5.00003466149048781E-06,1.00000000000000000E+00,-0.9071945957407309,0,1,APPROXIMATE_BOUNDED_BY_JNUM
I0,D1,2.99999999999999986E-07,4.16666666796018728E-02,4.16766666666666605E-02,9.99998706479339422E-06,2.39942103450213389E-04,4.99999924845687116E-06,1.00000000000000000E+00,-1.5410720187448288,0,1,APPROXIMATE_BOUNDED_BY_JNUM
I0,D1,9.99999999999999955E-07,4.16666666647266329E-02,4.16766666666666605E-02,1.00000019400294401E-05,2.39942460370217792E-04,5.00000182456633580E-06,1.00000000000000000E+00,-0.18582113135874914,0,1,APPROXIMATE_BOUNDED_BY_JNUM
I0,D1,3.00000000000000008E-06,4.16666666647263831E-02,4.16766666666666605E-02,1.00000019402791404E-05,2.39942460376209093E-04,5.00000140076992117E-06,1.00000000000000000E+00,-1.0403718393812431,0,1,APPROXIMATE_BOUNDED_BY_JNUM
I0,D1,1.00000000000000008E-05,4.16666666662785512E-02,4.16766666666666605E-02,1.00000003881127504E-05,2.39942423133154207E-04,5.00000054173832531E-06,1.00000000000000000E+00,-0.9385462006522979,0,1,APPROXIMATE_BOUNDED_BY_JNUM
I0,D1,3.00000000000000008E-05,4.16666666668606619E-02,4.16766666666666605E-02,9.99999980600199678E-06,2.39942409165848190E-04,4.99999994071215204E-06,9.99999999999999889E-01,-0.9748727553794789,0,1,APPROXIMATE_BOUNDED_BY_JNUM
I0,D1,1.00000000000000005E-04,4.16666666666084470E-02,4.16766666666666605E-02,1.00000000582151794E-05,2.39942415217512107E-04,5.00000004634987283E-06,1.00000000000000000E+00,-1.831399760256273,0,1,APPROXIMATE_BOUNDED_BY_JNUM
I0,D1,2.99999999999999974E-04,4.16666666666731314E-02,4.16766666666666605E-02,9.99999999353601288E-06,2.39942413665584603E-04,5.00000000033806735E-06,1.00000000000000000E+00,-0.6521673104397626,0,1,APPROXIMATE_BOUNDED_BY_JNUM
I0,D1,1.00000000000000002E-03,4.16666666666666574E-02,4.16766666666666605E-02,1.00000000000013307E-05,2.39942413820714906E-04,5.00000000204850470E-06,1.00000000000000000E+00,-0.3600682764263419,0,1,APPROXIMATE_BOUNDED_BY_JNUM
I0,D1,3.00000000000000006E-03,4.16666666666647215E-02,4.16766666666666605E-02,1.00000000019407498E-05,2.39942413867249812E-04,5.00000000188544069E-06,1.00000000000000000E+00,-1.1748200470651802,0,1,APPROXIMATE_BOUNDED_BY_JNUM
I0,D1,1.00000000000000002E-02,4.16666666666660815E-02,4.16766666666666605E-02,1.00000000005824596E-05,2.39942413834658694E-04,5.00000000050113136E-06,1.00000000000000000E+00,,0,1,APPROXIMATE_BOUNDED_BY_JNUM
I0,D2,9.99999999999999955E-08,2.60821306093764506E-02,2.60921306168404900E-02,1.00000109360480495E-05,3.83257737089273914E-04,5.00005971273802337E-06,9.99999999999949041E-01,-1.3192387177960763,0,1,APPROXIMATE_BOUNDED_BY_JNUM
I0,D2,2.99999999999999986E-07,2.60821306231396287E-02,2.60921306168404900E-02,9.99999719265077536E-06,3.83257210363516178E-04,5.00001380671771800E-06,9.99999999999948708E-01,-1.4768826537749162,0,1,APPROXIMATE_BOUNDED_BY_JNUM
I0,D2,9.99999999999999955E-07,2.60821306209393401E-02,2.60921306168404900E-02,9.99999940508531934E-06,3.83257295156689095E-04,5.00000141781357932E-06,9.99999999999948708E-01,-0.8667833004003342,0,1,APPROXIMATE_BOUNDED_BY_JNUM
I0,D2,3.00000000000000008E-06,2.60821306205093785E-02,2.60921306168404900E-02,9.99999983439168498E-06,3.83257311610169817E-04,5.00000074027048824E-06,9.99999999999948486E-01,-0.9381254005215482,0,1,APPROXIMATE_BOUNDED_BY_JNUM
I0,D2,1.00000000000000008E-05,2.60821306202887598E-02,2.60921306168404900E-02,1.00000000540006805E-05,3.83257320026844997E-04,5.00000028894921622E-06,9.99999999999948375E-01,-1.152193746721062,0,1,APPROXIMATE_BOUNDED_BY_JNUM
I0,D2,3.00000000000000008E-05,2.60821306203391397E-02,2.60921306168404900E-02,1.00000000038125097E-05,3.83257318103347015E-04,5.00000008434725585E-06,9.99999999999948486E-01,-0.7022256469285444,0,1,APPROXIMATE_BOUNDED_BY_JNUM
I0,D2,1.00000000000000005E-04,2.60821306203582598E-02,2.60921306168404900E-02,9.99999998478173086E-06,3.83257317373978301E-04,5.00000001549261164E-06,9.99999999999948486E-01,-1.57856975711698,0,1,APPROXIMATE_BOUNDED_BY_JNUM
I0,D2,2.99999999999999974E-04,2.60821306203445485E-02,2.60921306168404900E-02,9.99999999847563797E-06,3.83257317898807288E-04,5.00000000497151376E-06,9.99999999999948486E-01,-0.12910039421464609,0,1,APPROXIMATE_BOUNDED_BY_JNUM
I0,D2,1.00000000000000002E-03,2.60821306203420193E-02,2.60921306168404900E-02,1.00000000009979293E-05,3.83257317995475784E-04,5.00000000520917087E-06,9.99999999999948486E-01,-1.4080647601999168,0,1,APPROXIMATE_BOUNDED_BY_JNUM
I0,D2,3.00000000000000006E-03,2.60821306203427514E-02,2.60921306168404900E-02,1.00000000002719407E-05,3.83257317967652120E-04,5.00000000133379863E-06,9.99999999999948486E-01,-1.8124648969555934,0,1,APPROXIMATE_BOUNDED_BY_JNUM
I0,D2,1.00000000000000002E-02,2.60821306203428485E-02,2.60921306168404900E-02,1.00000000001739306E-05,3.83257317963895685E-04,5.00000000008826717E-06,9.99999999999948486E-01,,0,1,APPROXIMATE_BOUNDED_BY_JNUM
I0,D3,9.99999999999999955E-08,4.06995775964298367E-02,4.07095029697932612E-02,9.99994469314386514E-06,2.45641532409862509E-04,7.55743359449195795E-06,9.99999999551604346E-01,-0.8661164189350369,0,1,APPROXIMATE_BOUNDED_BY_JNUM
I0,D3,2.99999999999999986E-07,4.06995775495316570E-02,4.07095029697932612E-02,9.99999365668776432E-06,2.45642735164510123E-04,7.55747610001536536E-06,9.99999999551589580E-01,-0.9144377248146501,0,1,APPROXIMATE_BOUNDED_BY_JNUM
I0,D3,9.99999999999999955E-07,4.06995775502013712E-02,4.07095029697932612E-02,9.99999261473586291E-06,2.45642709569702383E-04,7.55746183456890237E-06,9.99999999551592023E-01,-1.3140577397324638,0,1,APPROXIMATE_BOUNDED_BY_JNUM
I0,D3,3.00000000000000008E-06,4.06995775443574834E-02,4.07095029697932612E-02,9.99999867271003831E-06,2.45642858379531426E-04,7.55746502943688281E-06,9.99999999551590468E-01,-1.0303019757148935,0,1,APPROXIMATE_BOUNDED_BY_JNUM
I0,D3,1.00000000000000008E-05,4.06995775429674911E-02,4.07095029697932612E-02,1.00000001389418594E-05,2.45642894396473784E-04,7.55746576658333780E-06,9.99999999551589913E-01,-1.1496019060978557,0,1,APPROXIMATE_BOUNDED_BY_JNUM
I0,D3,3.00000000000000008E-05,4.06995775430833498E-02,4.07095029697932612E-02,9.99999997275814899E-06,2.45642890314288998E-04,7.55746584881616860E-06,9.99999999551590024E-01,-0.7667186846616271,0,1,APPROXIMATE_BOUNDED_BY_JNUM
I0,D3,1.00000000000000005E-04,4.06995775430975329E-02,4.07095029697932612E-02,9.99999995782827172E-06,2.45642889947547205E-04,7.55746577511470785E-06,9.99999999551590135E-01,-1.8170454010823631,0,1,APPROXIMATE_BOUNDED_BY_JNUM
I0,D3,2.99999999999999974E-04,4.06995775430580020E-02,4.07095029697932612E-02,9.99999999411721639E-06,2.45642890838959312E-04,7.55746578356628063E-06,9.99999999551590135E-01,-0.17164802029427018,0,1,APPROXIMATE_BOUNDED_BY_JNUM
I0,D3,1.00000000000000002E-03,4.06995775430490370E-02,4.07095029697932612E-02,1.00000000033165007E-05,2.45642891064933174E-04,7.55746578495058996E-06,9.99999999551590135E-01,-1.0309385392610602,0,1,APPROXIMATE_BOUNDED_BY_JNUM
I0,D3,3.00000000000000006E-03,4.06995775430520623E-02,4.07095029697932612E-02,9.99999999975951292E-06,2.45642890977558405E-04,7.55746578493324273E-06,9.99999999551590024E-01,-1.0024124901103049,0,1,APPROXIMATE_BOUNDED_BY_JNUM
I0,D3,1.00000000000000002E-02,4.06995775430522774E-02,4.07095029697932612E-02,9.99999999952685838E-06,2.45642890971843413E-04,7.55746578372934463E-06,9.99999999551590246E-01,,0,1,APPROXIMATE_BOUNDED_BY_JNUM
I1,D1,9.99999999999999955E-08,4.16666666663514582E-02,4.16766666666666466E-02,1.00000003152244404E-05,2.39942421384254409E-04,5.00001584465004090E-06,1.00000000000000000E+00,-0.876602001824798,0,1,APPROXIMATE_BOUNDED_BY_JNUM
I1,D1,2.99999999999999986E-07,4.16666666732180696E-02,4.16766666666666466E-02,9.99999344858551653E-06,2.39942256624462607E-04,5.00000156931912439E-06,9.99999999999999889E-01,-0.46787242379374594,0,1,APPROXIMATE_BOUNDED_BY_JNUM
I1,D1,9.99999999999999955E-07,4.16666666628074667E-02,4.16766666666666466E-02,1.00000038591856007E-05,2.39942506418913898E-04,5.00000391842614440E-06,1.00000000000000000E+00,-1.736927405982735,0,1,APPROXIMATE_BOUNDED_BY_JNUM
I1,D1,3.00000000000000008E-06,4.16666666660487767E-02,4.16766666666666466E-02,1.00000006178751400E-05,2.39942428646128508E-04,5.00000059354063775E-06,1.00000000000000000E+00,0.05936501181693022,0,1,APPROXIMATE_BOUNDED_BY_JNUM
I1,D1,1.00000000000000008E-05,4.16666666658899870E-02,4.16766666666666466E-02,1.00000007766647797E-05,2.39942432456165402E-04,5.00000045982121333E-06,1.00000000000000000E+00,-1.5646980482615755,0,1,APPROXIMATE_BOUNDED_BY_JNUM
I1,D1,3.00000000000000008E-05,4.16666666667948465E-02,4.16766666666666466E-02,9.99999987180699712E-06,2.39942410744789297E-04,4.99999996876957038E-06,1.00000000000000000E+00,-2.134254412815921,0,1,APPROXIMATE_BOUNDED_BY_JNUM
I1,D1,1.00000000000000005E-04,4.16666666666670876E-02,4.16766666666666466E-02,9.99999999956417696E-06,2.39942413810225900E-04,5.00000000716940840E-06,1.00000000000000000E+00,-3.7396521834961516,0,1,APPROXIMATE_BOUNDED_BY_JNUM
I1,D1,2.99999999999999974E-04,4.16666666666665672E-02,4.16766666666666466E-02,1.00000000000741907E-05,2.39942413822463100E-04,5.00000000011602275E-06,1.00000000000000000E+00,2.3024930507039163,0,1,APPROXIMATE_BOUNDED_BY_JNUM
I1,D1,1.00000000000000002E-03,4.16666666666646729E-02,4.16766666666666466E-02,1.00000000019806501E-05,2.39942413868207189E-04,5.00000000204503525E-06,1.00000000000000000E+00,-1.16734915623334,0,1,APPROXIMATE_BOUNDED_BY_JNUM
I1,D1,3.00000000000000006E-03,4.16666666666660329E-02,4.16766666666666466E-02,1.00000000006240896E-05,2.39942413835657787E-04,5.00000000069888983E-06,1.00000000000000000E+00,-0.23390171765847134,0,1,APPROXIMATE_BOUNDED_BY_JNUM
I1,D1,1.00000000000000002E-02,4.16666666666660884E-02,4.16766666666666466E-02,1.00000000005651107E-05,2.39942413834242605E-04,5.00000000035888403E-06,1.00000000000000000E+00,,0,1,APPROXIMATE_BOUNDED_BY_JNUM
I1,D2,9.99999999999999955E-08,2.22303981902229400E-02,2.22403980835231586E-02,9.99997242192284302E-06,4.49630999605683509E-04,4.99999142439429278E-06,9.99999999998399836E-01,-1.077125713373836,0,1,APPROXIMATE_BOUNDED_BY_JNUM
I1,D2,2.99999999999999986E-07,2.22303981603478897E-02,2.22403980835231586E-02,1.00000022826572607E-05,4.49632342240572790E-04,5.00000696462311878E-06,9.99999999998399836E-01,-0.9459349981846593,0,1,APPROXIMATE_BOUNDED_BY_JNUM
I1,D2,9.99999999999999955E-07,2.22303981622110208E-02,2.22403980835231586E-02,1.00000004214414995E-05,4.49632258554311689E-04,5.00000226641601764E-06,9.99999999998399836E-01,-1.1894689533971368,0,1,APPROXIMATE_BOUNDED_BY_JNUM
I1,D2,3.00000000000000008E-06,2.22303981629607510E-02,2.22403980835231586E-02,9.99999967153406290E-06,4.49632224836055583E-04,5.00000024257138409E-06,9.99999999998400058E-01,0.05308994646764399,0,1,APPROXIMATE_BOUNDED_BY_JNUM
I1,D2,1.00000000000000008E-05,2.22303981625951892E-02,2.22403980835231586E-02,1.00000000372293892E-05,4.49632241278896596E-04,5.00000047748416776E-06,9.99999999998399836E-01,-1.7257124100219752,0,1,APPROXIMATE_BOUNDED_BY_JNUM
I1,D2,3.00000000000000008E-05,2.22303981625940408E-02,2.22403980835231586E-02,1.00000000376795195E-05,4.49632241299135777E-04,5.00000008536033436E-06,9.99999999998400058E-01,-0.7256879079035359,0,1,APPROXIMATE_BOUNDED_BY_JNUM
I1,D2,1.00000000000000005E-04,2.22303981626544092E-02,2.22403980835231586E-02,9.99999997718971356E-06,4.49632238579319109E-04,5.00000001452810539E-06,9.99999999998399614E-01,-2.568684709518064,0,1,APPROXIMATE_BOUNDED_BY_JNUM
I1,D2,2.99999999999999974E-04,2.22303981626346403E-02,2.22403980835231586E-02,9.99999999699591885E-06,4.49632239469869926E-04,4.99999999862416140E-06,9.99999999998399836E-01,-0.47853844085605696,0,1,APPROXIMATE_BOUNDED_BY_JNUM
I1,D2,1.00000000000000002E-03,2.22303981626325586E-02,2.22403980835231586E-02,9.99999999907671966E-06,4.49632239563429418E-04,5.00000000054276472E-06,9.99999999998399836E-01,-0.38534237618310724,0,1,APPROXIMATE_BOUNDED_BY_JNUM
I1,D2,3.00000000000000006E-03,2.22303981626308308E-02,2.22403980835231586E-02,1.00000000008097101E-05,4.49632239641350215E-04,5.00000000097644559E-06,9.99999999998399836E-01,-0.5337376392180945,0,1,APPROXIMATE_BOUNDED_BY_JNUM
I1,D2,1.00000000000000002E-02,2.22303981626316011E-02,2.22403980835231586E-02,1.00000000000316799E-05,4.49632239606367727E-04,5.00000000042306880E-06,9.99999999998399836E-01,,0,1,APPROXIMATE_BOUNDED_BY_JNUM
I1,D3,9.99999999999999955E-08,4.00136508511244327E-02,4.00235429569556211E-02,9.99993379634342014E-06,2.49851288955056107E-04,7.55743479800841111E-06,9.99999999330335787E-01,-1.4886206910807986,0,1,APPROXIMATE_BOUNDED_BY_JNUM
I1,D3,2.99999999999999986E-07,4.00136507797605803E-02,4.00235429569556211E-02,1.00000066584246907E-05,2.49853109435600523E-04,7.55747527488720428E-06,9.99999999330321909E-01,-0.6888421519888104,0,1,APPROXIMATE_BOUNDED_BY_JNUM
I1,D3,9.99999999999999955E-07,4.00136507922203497E-02,4.00235429569556211E-02,9.99999398356820226E-06,2.49852792750580790E-04,7.55746454580291660E-06,9.99999999330324019E-01,-1.6726892134953681,0,1,APPROXIMATE_BOUNDED_BY_JNUM
I1,D3,3.00000000000000008E-06,4.00136507867543609E-02,4.00235429569556211E-02,9.99999921790286257E-06,2.49852923531972907E-04,7.55746550351946241E-06,9.99999999330324685E-01,-0.21846528718215918,0,1,APPROXIMATE_BOUNDED_BY_JNUM
I1,D3,1.00000000000000008E-05,4.00136507860225504E-02,4.00235429569556211E-02,1.00000000011016502E-05,2.49852943100425018E-04,7.55746528442041710E-06,9.99999999330324574E-01,-1.653725901327746,0,1,APPROXIMATE_BOUNDED_BY_JNUM
I1,D3,3.00000000000000008E-05,4.00136507861207011E-02,4.00235429569556211E-02,9.99999988167346389E-06,2.49852940116476589E-04,7.55746574927079835E-06,9.99999999330324685E-01,-0.7030897379762844,0,1,APPROXIMATE_BOUNDED_BY_JNUM
I1,D3,1.00000000000000005E-04,4.00136507860496676E-02,4.00235429569556211E-02,9.99999994384666986E-06,2.49852941669892513E-04,7.55746574723770159E-06,9.99999999330324685E-01,-3.0463805027673945,0,1,APPROXIMATE_BOUNDED_BY_JNUM
I1,D3,2.99999999999999974E-04,4.00136507859892923E-02,4.00235429569556211E-02,9.99999999964310518E-06,2.49852943063982923E-04,7.55746578481875098E-06,9.99999999330324907E-01,0.9199228647712832,0,1,APPROXIMATE_BOUNDED_BY_JNUM
I1,D3,1.00000000000000002E-03,4.00136507859901319E-02,4.00235429569556211E-02,9.99999999917495007E-06,2.49852943052285791E-04,7.55746578159216531E-06,9.99999999330325018E-01,-1.3301950783989602,0,1,APPROXIMATE_BOUNDED_BY_JNUM
I1,D3,3.00000000000000006E-03,4.00136507859870025E-02,4.00235429569556211E-02,1.00000000015801408E-05,2.49852943112380298E-04,7.55746578510324563E-06,9.99999999330325018E-01,-1.2249635106020988,0,1,APPROXIMATE_BOUNDED_BY_JNUM
I1,D3,1.00000000000000002E-02,4.00136507859888274E-02,4.00235429569556211E-02,9.99999999976166438E-06,2.49852943066945126E-04,7.55746578367383263E-06,9.99999999330324907E-01,,0,1,APPROXIMATE_BOUNDED_BY_JNUM
I2,D1,9.99999999999999955E-08,4.16666666479877795E-02,4.16766666666666605E-02,1.00000186788909103E-05,2.39942862006500401E-04,5.00002343406871774E-06,1.00000000000000000E+00,-0.5740351285429321,0,1,APPROXIMATE_BOUNDED_BY_JNUM
I2,D1,2.99999999999999986E-07,4.16666666601850505E-02,4.16766666666666605E-02,1.00000064816079504E-05,2.39942569341948791E-04,5.00001096574373416E-06,1.00000000000000000E+00,-0.9723749220682287,0,1,APPROXIMATE_BOUNDED_BY_JNUM
I2,D1,9.99999999999999955E-07,4.16666666687231374E-02,4.16766666666666605E-02,9.99999794351156282E-06,2.39942364476803110E-04,5.00000104529385592E-06,1.00000000000000000E+00,-1.3254300789781959,0,1,APPROXIMATE_BOUNDED_BY_JNUM
I2,D1,3.00000000000000008E-06,4.16666666672865782E-02,4.16766666666666605E-02,9.99999938007883828E-06,2.39942398946145095E-04,4.99999997916056316E-06,9.99999999999999889E-01,-0.6565165841390102,0,1,APPROXIMATE_BOUNDED_BY_JNUM
I2,D1,1.00000000000000008E-05,4.16666666670683777E-02,4.16766666666666605E-02,9.99999959827580112E-06,2.39942404181615708E-04,4.99999990417193674E-06,1.00000000000000000E+00,-1.4484798603037605,0,1,APPROXIMATE_BOUNDED_BY_JNUM
I2,D1,3.00000000000000008E-05,4.16666666666062405E-02,4.16766666666666605E-02,1.00000000604165401E-05,2.39942415270332187E-04,5.00000008396908613E-06,9.99999999999999889E-01,-0.9893269733387865,0,1,APPROXIMATE_BOUNDED_BY_JNUM
I2,D1,1.00000000000000005E-04,4.16666666666661370E-02,4.16766666666666605E-02,1.00000000005165401E-05,2.39942413833077087E-04,5.00000002072106819E-06,1.00000000000000000E+00,-4.133327602629966,0,1,APPROXIMATE_BOUNDED_BY_JNUM
I2,D1,2.99999999999999974E-04,4.16666666666667823E-02,4.16766666666666605E-02,9.99999999987469246E-06,2.39942413817676402E-04,5.00000000011949219E-06,9.99999999999999889E-01,1.7804059719232488,0,1,APPROXIMATE_BOUNDED_BY_JNUM
I2,D1,1.00000000000000002E-03,4.16666666666685725E-02,4.16766666666666605E-02,9.99999999808966200E-06,2.39942413774845998E-04,4.99999999977254665E-06,9.99999999999999889E-01,-2.379166337174449,0,1,APPROXIMATE_BOUNDED_BY_JNUM
I2,D1,3.00000000000000006E-03,4.16666666666666782E-02,4.16766666666666605E-02,9.99999999998398004E-06,2.39942413820298708E-04,5.00000000011949219E-06,9.99999999999999778E-01,0.7801816715182022,0,1,APPROXIMATE_BOUNDED_BY_JNUM
I2,D1,1.00000000000000002E-02,4.16666666666670529E-02,4.16766666666666605E-02,9.99999999960754504E-06,2.39942413811266409E-04,4.99999999992520316E-06,9.99999999999999889E-01,,0,1,APPROXIMATE_BOUNDED_BY_JNUM
I2,D2,9.99999999999999955E-08,2.13268619618236302E-02,2.13368077548520517E-02,9.99999195478170575E-06,4.68673293103448376E-04,5.00004200378392771E-06,9.99999998812166835E-01,-1.5086596372410543,0,1,APPROXIMATE_BOUNDED_BY_JNUM
I2,D2,2.99999999999999986E-07,2.13268619469230390E-02,2.13368077548520517E-02,1.00000064106148393E-05,4.68673970610285304E-04,5.00001164612309812E-06,9.99999998812174828E-01,-1.1607715742513165,0,1,APPROXIMATE_BOUNDED_BY_JNUM
I2,D2,9.99999999999999955E-07,2.13268619520757298E-02,2.13368077548520517E-02,1.00000003978059599E-05,4.68673688805764722E-04,5.00000256170932134E-06,9.99999998812194257E-01,-0.6623112091266481,0,1,APPROXIMATE_BOUNDED_BY_JNUM
I2,D2,3.00000000000000008E-06,2.13268619534174413E-02,2.13368077548520517E-02,9.99999922325294628E-06,4.68673633757557681E-04,5.00000011051382476E-06,9.99999998812191038E-01,-2.1531097691970627,0,1,APPROXIMATE_BOUNDED_BY_JNUM
I2,D2,1.00000000000000008E-05,2.13268619527620697E-02,2.13368077548520517E-02,9.99999990991626980E-06,4.68673665939659716E-04,4.99999998763815678E-06,9.99999998812190038E-01,0.12139078717106408,0,1,APPROXIMATE_BOUNDED_BY_JNUM
I2,D2,3.00000000000000008E-05,2.13268619525819603E-02,2.13368077548520517E-02,1.00000000951318297E-05,4.68673674620225314E-04,5.00000010298339015E-06,9.99999998812190038E-01,-1.0291483406977988,0,1,APPROXIMATE_BOUNDED_BY_JNUM
I2,D2,1.00000000000000005E-04,2.13268619526957096E-02,2.13368077548520517E-02,9.99999997632235182E-06,4.68673669051937892E-04,5.00000001154958518E-06,9.99999998812189927E-01,-2.3640869668303934,0,1,APPROXIMATE_BOUNDED_BY_JNUM
I2,D2,2.99999999999999974E-04,2.13268619526738902E-02,2.13368077548520517E-02,9.99999999741658929E-06,4.68673670040569324E-04,4.99999999920182263E-06,9.99999998812190150E-01,0.11289393734729418,0,1,APPROXIMATE_BOUNDED_BY_JNUM
I2,D2,1.00000000000000002E-03,2.13268619526714200E-02,2.13368077548520517E-02,9.99999999970122011E-06,4.68673670147643883E-04,5.00000000223412011E-06,9.99999998812190038E-01,-1.4772089526605203,0,1,APPROXIMATE_BOUNDED_BY_JNUM
I2,D2,3.00000000000000006E-03,2.13268619526706914E-02,2.13368077548520517E-02,1.00000000005503706E-05,4.68673670187441205E-04,5.00000000045429382E-06,9.99999998812189927E-01,-1.4583091293930752,0,1,APPROXIMATE_BOUNDED_BY_JNUM
I2,D2,1.00000000000000002E-02,2.13268619526713506E-02,2.13368077548520517E-02,9.99999999989550914E-06,4.68673670156749826E-04,4.99999999995642819E-06,9.99999998812190150E-01,,0,1,APPROXIMATE_BOUNDED_BY_JNUM
I2,D3,9.99999999999999955E-08,3.97749044553927580E-02,3.97847756700719091E-02,9.99997861067348107E-06,2.51351891326509697E-04,7.55745295235796340E-06,9.99999999191533040E-01,-0.8927769729384434,0,1,APPROXIMATE_BOUNDED_BY_JNUM
I2,D3,2.99999999999999986E-07,3.97749044457412701E-02,3.97847756700719091E-02,9.99999560534553355E-06,2.51352318491719585E-04,7.55747048029192792E-06,9.99999999191486078E-01,-2.0663794498413917,0,1,APPROXIMATE_BOUNDED_BY_JNUM
I2,D3,9.99999999999999955E-07,3.97749044409732092E-02,3.97847756700719091E-02,9.99999860749062065E-06,2.51352393951365604E-04,7.55746547489305476E-06,9.99999999191496736E-01,0.22434375707979898,0,1,APPROXIMATE_BOUNDED_BY_JNUM
I2,D3,3.00000000000000008E-06,3.97749044408685429E-02,3.97847756700719091E-02,9.99999863133147934E-06,2.51352394550611409E-04,7.55746466174142539E-06,9.99999999191497291E-01,-0.8946756311575641,0,1,APPROXIMATE_BOUNDED_BY_JNUM
I2,D3,1.00000000000000008E-05,3.97749044395181925E-02,3.97847756700719091E-02,9.99999993897877152E-06,2.51352427418643706E-04,7.55746520926525722E-06,9.99999999191497291E-01,-1.408313221836678,0,1,APPROXIMATE_BOUNDED_BY_JNUM
I2,D3,3.00000000000000008E-05,3.97749044396154897E-02,3.97847756700719091E-02,9.99999987254079532E-06,2.51352425748709116E-04,7.55746576853316698E-06,9.99999999191497291E-01,-1.2732334684952538,0,1,APPROXIMATE_BOUNDED_BY_JNUM
I2,D3,1.00000000000000005E-04,3.97749044394992493E-02,3.97847756700719091E-02,9.99999998486986463E-06,2.51352428572127482E-04,7.55746577603064185E-06,9.99999999191497180E-01,-1.4326792509656354,0,1,APPROXIMATE_BOUNDED_BY_JNUM
I2,D3,2.99999999999999974E-04,3.97749044394757612E-02,3.97847756700719091E-02,1.00000000039095508E-05,2.51352429050694483E-04,7.55746578713981099E-06,9.99999999191497291E-01,-0.24131234342820854,0,1,APPROXIMATE_BOUNDED_BY_JNUM
I2,D3,1.00000000000000002E-03,3.97749044394786130E-02,3.97847756700719091E-02,1.00000000013956807E-05,2.51352428987507777E-04,7.55746578156094029E-06,9.99999999191497513E-01,-1.6260166914075849,0,1,APPROXIMATE_BOUNDED_BY_JNUM
I2,D3,3.00000000000000006E-03,3.97749044394801465E-02,3.97847756700719091E-02,9.99999999996114742E-06,2.51352428951450520E-04,7.55746578459670637E-06,9.99999999191497180E-01,-0.43384856041909586,0,1,APPROXIMATE_BOUNDED_BY_JNUM
I2,D3,1.00000000000000002E-02,3.97749044394802367E-02,3.97847756700719091E-02,9.99999999980450392E-06,2.51352428947513185E-04,7.55746578362526122E-06,9.99999999191497291E-01,,0,1,APPROXIMATE_BOUNDED_BY_JNUM
LIMITER_INACT,D1,9.99999999999999955E-08,4.16666666485298806E-02,4.16766666666666605E-02,1.00000181367957194E-05,2.39942848999337508E-04,5.00002343407218719E-06,1.00000000000000000E+00,-0.4406302286413446,0,1,APPROXIMATE_BOUNDED_BY_JNUM
LIMITER_INACT,D1,2.99999999999999986E-07,4.16666666603657601E-02,4.16766666666666605E-02,1.00000063009151907E-05,2.39942565006363189E-04,5.00001241134431784E-06,1.00000000000000000E+00,-0.9683425162422501,0,1,APPROXIMATE_BOUNDED_BY_JNUM
LIMITER_INACT,D1,9.99999999999999955E-07,4.16666666687231374E-02,4.16766666666666605E-02,9.99999794351705329E-06,2.39942364476934813E-04,5.00000131634786764E-06,1.00000000000000000E+00,-1.4234602665100775,0,1,APPROXIMATE_BOUNDED_BY_JNUM
LIMITER_INACT,D1,3.00000000000000008E-06,4.16666666672639921E-02,4.16766666666666605E-02,9.99999940267188191E-06,2.39942399488247998E-04,5.00000001530179206E-06,1.00000000000000000E+00,-0.7056560390019277,0,1,APPROXIMATE_BOUNDED_BY_JNUM
LIMITER_INACT,D1,1.00000000000000008E-05,4.16666666670710908E-02,4.16766666666666605E-02,9.99999959556963250E-06,2.39942404116683192E-04,4.99999989333338361E-06,1.00000000000000000E+00,-1.2732999763010642,0,1,APPROXIMATE_BOUNDED_BY_JNUM
LIMITER_INACT,D1,3.00000000000000008E-05,4.16666666666044433E-02,4.16766666666666605E-02,1.00000000622275897E-05,2.39942415313787011E-04,5.00000010203796585E-06,1.00000000000000000E+00,-1.1731866855027597,0,1,APPROXIMATE_BOUNDED_BY_JNUM
LIMITER_INACT,D1,1.00000000000000005E-04,4.16666666666660121E-02,4.16766666666666605E-02,1.00000000006553197E-05,2.39942413836406889E-04,5.00000002018330392E-06,1.00000000000000000E+00,-4.095544274629375,0,1,APPROXIMATE_BOUNDED_BY_JNUM
LIMITER_INACT,D1,2.99999999999999974E-04,4.16666666666667823E-02,4.16766666666666605E-02,9.99999999987989663E-06,2.39942413817801302E-04,5.00000000011949219E-06,1.00000000000000000E+00,1.7592881987185462,0,1,APPROXIMATE_BOUNDED_BY_JNUM
LIMITER_INACT,D1,1.00000000000000002E-03,4.16666666666686489E-02,4.16766666666666605E-02,9.99999999801333417E-06,2.39942413773014510E-04,4.99999999966499464E-06,1.00000000000000000E+00,-2.559482877434303,0,1,APPROXIMATE_BOUNDED_BY_JNUM
LIMITER_INACT,D1,3.00000000000000006E-03,4.16666666666666366E-02,4.16766666666666605E-02,1.00000000000221406E-05,2.39942413821214398E-04,5.00000000012296164E-06,1.00000000000000000E+00,0.9723274875286573,0,1,APPROXIMATE_BOUNDED_BY_JNUM
LIMITER_INACT,D1,1.00000000000000002E-02,4.16666666666670529E-02,4.16766666666666605E-02,9.99999999960754504E-06,2.39942413811266409E-04,4.99999999991826427E-06,1.00000000000000000E+00,,0,1,APPROXIMATE_BOUNDED_BY_JNUM
LIMITER_INACT,D2,9.99999999999999955E-08,2.72001923163288917E-02,2.72101923011850606E-02,9.99998485637392194E-06,3.67508790297612080E-04,5.00003837115500782E-06,1.00000000000000000E+00,-1.4649142474834946,0,1,APPROXIMATE_BOUNDED_BY_JNUM
LIMITER_INACT,D2,2.99999999999999986E-07,2.72001922934702912E-02,2.72101923011850606E-02,1.00000077147781901E-05,3.67509630365334388E-04,5.00001162750084160E-06,1.00000000000000000E+00,-1.2170725546058403,0,1,APPROXIMATE_BOUNDED_BY_JNUM
LIMITER_INACT,D2,9.99999999999999955E-07,2.72001923006892701E-02,2.72101923011850606E-02,1.00000004957944006E-05,3.67509365060932677E-04,5.00000253827667662E-06,9.99999999999999889E-01,-0.5516605514791197,0,1,APPROXIMATE_BOUNDED_BY_JNUM
LIMITER_INACT,D2,3.00000000000000008E-06,2.72001923021258397E-02,2.72101923011850606E-02,9.99999905922791459E-06,3.67509312265771476E-04,5.00000002653933073E-06,1.00000000000000000E+00,-2.070377249262427,0,1,APPROXIMATE_BOUNDED_BY_JNUM
LIMITER_INACT,D2,1.00000000000000008E-05,2.72001923012720297E-02,2.72101923011850606E-02,9.99999991303877206E-06,3.67509343644118608E-04,5.00000000666633859E-06,1.00000000000000000E+00,0.10434317351416354,0,1,APPROXIMATE_BOUNDED_BY_JNUM
LIMITER_INACT,D2,3.00000000000000008E-05,2.72001923010633216E-02,2.72101923011850606E-02,1.00000001217459606E-05,3.67509351314302595E-04,5.00000011327550538E-06,1.00000000000000000E+00,-1.049361314323139,0,1,APPROXIMATE_BOUNDED_BY_JNUM
LIMITER_INACT,D2,1.00000000000000005E-04,2.72001923012141593E-02,2.72101923011850606E-02,9.99999997090481041E-06,3.67509345770749619E-04,5.00000001208214528E-06,1.00000000000000000E+00,-2.1791815610685377,0,1,APPROXIMATE_BOUNDED_BY_JNUM
LIMITER_INACT,D2,2.99999999999999974E-04,2.72001923011889087E-02,2.72101923011850606E-02,9.99999999615457796E-06,3.67509346698702212E-04,4.99999999834834037E-06,1.00000000000000000E+00,-0.12673685397886467,0,1,APPROXIMATE_BOUNDED_BY_JNUM
LIMITER_INACT,D2,1.00000000000000002E-03,2.72001923011853802E-02,2.72101923011850606E-02,9.99999999969081177E-06,3.67509346828662111E-04,5.00000000227054930E-06,1.00000000000000000E+00,-1.2700802364990793,0,1,APPROXIMATE_BOUNDED_BY_JNUM
LIMITER_INACT,D2,3.00000000000000006E-03,2.72001923011842804E-02,2.72101923011850606E-02,1.00000000007862896E-05,3.67509346868921899E-04,5.00000000057919392E-06,1.00000000000000000E+00,-1.8169672372002257,0,1,APPROXIMATE_BOUNDED_BY_JNUM
LIMITER_INACT,D2,1.00000000000000002E-02,2.72001923011851512E-02,2.72101923011850606E-02,9.99999999991112165E-06,3.67509346836758716E-04,4.99999999996163236E-06,1.00000000000000000E+00,,0,1,APPROXIMATE_BOUNDED_BY_JNUM
LIMITER_INACT,D3,9.99999999999999955E-08,4.09165420566405674E-02,4.09264731072049512E-02,9.99997607462065344E-06,2.44340039964503883E-04,7.55745259345061426E-06,9.99999999589818334E-01,-0.9235380749195985,0,1,APPROXIMATE_BOUNDED_BY_JNUM
LIMITER_INACT,D3,2.99999999999999986E-07,4.09165420434751681E-02,4.09264731072049512E-02,9.99999699356146296E-06,2.44340551099210220E-04,7.55747183803917588E-06,9.99999999589771260E-01,-1.9643457343472792,0,1,APPROXIMATE_BOUNDED_BY_JNUM
LIMITER_INACT,D3,9.99999999999999955E-07,4.09165420418377904E-02,4.09264731072049512E-02,9.99999842273253820E-06,2.44340586019665474E-04,7.55746573940022093E-06,9.99999999589772481E-01,-0.0055755485709184545,0,1,APPROXIMATE_BOUNDED_BY_JNUM
LIMITER_INACT,D3,3.00000000000000008E-06,4.09165420414767528E-02,4.09264731072049512E-02,9.99999865542267523E-06,2.44340591705230774E-04,7.55746469133927734E-06,9.99999999589773259E-01,-0.7598400642699507,0,1,APPROXIMATE_BOUNDED_BY_JNUM
LIMITER_INACT,D3,1.00000000000000008E-05,4.09165420403174510E-02,4.09264731072049512E-02,9.99999992853736080E-06,2.44340622812594583E-04,7.55746511869881399E-06,9.99999999589772592E-01,-1.52320362924098,0,1,APPROXIMATE_BOUNDED_BY_JNUM
LIMITER_INACT,D3,3.00000000000000008E-05,4.09165420403673000E-02,4.09264731072049512E-02,9.99999987481152802E-06,2.44340621499854194E-04,7.55746577734903169E-06,9.99999999589772481E-01,-1.1918583707490737,0,1,APPROXIMATE_BOUNDED_BY_JNUM
LIMITER_INACT,D3,1.00000000000000005E-04,4.09165420402523503E-02,4.09264731072049512E-02,9.99999998742692327E-06,2.44340624251505910E-04,7.55746577789373486E-06,9.99999999589772481E-01,-1.4344835712341328,0,1,APPROXIMATE_BOUNDED_BY_JNUM
LIMITER_INACT,D3,2.99999999999999974E-04,4.09165420402335875E-02,4.09264731072049512E-02,1.00000000039910303E-05,2.44340624656234190E-04,7.55746578719532214E-06,9.99999999589772592E-01,-0.1620551736950787,0,1,APPROXIMATE_BOUNDED_BY_JNUM
LIMITER_INACT,D3,1.00000000000000002E-03,4.09165420402362312E-02,4.09264731072049512E-02,1.00000000015551194E-05,2.44340624596715123E-04,7.55746578100929822E-06,9.99999999589772592E-01,-1.7487932243773239,0,1,APPROXIMATE_BOUNDED_BY_JNUM
LIMITER_INACT,D3,3.00000000000000006E-03,4.09165420402375565E-02,4.09264731072049512E-02,1.00000000000553392E-05,2.44340624560069307E-04,7.55746578472160561E-06,9.99999999589772592E-01,-0.4483924303524523,0,1,APPROXIMATE_BOUNDED_BY_JNUM
LIMITER_INACT,D3,1.00000000000000002E-02,4.09165420402377925E-02,4.09264731072049512E-02,9.99999999977981122E-06,2.44340624553337116E-04,7.55746578356628063E-06,9.99999999589772592E-01,,0,1,APPROXIMATE_BOUNDED_BY_JNUM
LIMITER_OFF,D1,9.99999999999999955E-08,4.16666666481233031E-02,4.16766666666666466E-02,1.00000185433617898E-05,2.39942858754581999E-04,5.00002316301470517E-06,1.00000000000000000E+00,-0.5539199206647875,0,1,APPROXIMATE_BOUNDED_BY_JNUM
LIMITER_OFF,D1,2.99999999999999986E-07,4.16666666602302296E-02,4.16766666666666466E-02,1.00000064364290493E-05,2.39942568257915401E-04,5.00001132713867591E-06,1.00000000000000000E+00,-0.9821472703800374,0,1,APPROXIMATE_BOUNDED_BY_JNUM
LIMITER_OFF,D1,9.99999999999999955E-07,4.16666666687231374E-02,4.16766666666666466E-02,9.99999794350809338E-06,2.39942364476719897E-04,5.00000104529038562E-06,1.00000000000000000E+00,-1.2940370351355603,0,1,APPROXIMATE_BOUNDED_BY_JNUM
LIMITER_OFF,D1,3.00000000000000008E-06,4.16666666672865782E-02,4.16766666666666466E-02,9.99999938007363580E-06,2.39942398946020304E-04,4.99999997915709371E-06,1.00000000000000000E+00,-0.7122962937485791,0,1,APPROXIMATE_BOUNDED_BY_JNUM
LIMITER_OFF,D1,1.00000000000000008E-05,4.16666666670602523E-02,4.16766666666666466E-02,9.99999960640471364E-06,2.39942404376662812E-04,4.99999989874919115E-06,1.00000000000000000E+00,-1.352967802119377,0,1,APPROXIMATE_BOUNDED_BY_JNUM
LIMITER_OFF,D1,3.00000000000000008E-05,4.16666666666053384E-02,4.16766666666666466E-02,1.00000000613151302E-05,2.39942415291893093E-04,5.00000009119247468E-06,1.00000000000000000E+00,-1.0407652049689105,0,1,APPROXIMATE_BOUNDED_BY_JNUM
LIMITER_OFF,D1,1.00000000000000005E-04,4.16666666666664076E-02,4.16766666666666466E-02,1.00000000002407208E-05,2.39942413826459009E-04,5.00000002072106819E-06,1.00000000000000000E+00,-3.376681987802874,0,1,APPROXIMATE_BOUNDED_BY_JNUM
LIMITER_OFF,D1,2.99999999999999974E-04,4.16666666666670529E-02,4.16766666666666466E-02,9.99999999960060615E-06,2.39942413811100011E-04,5.00000000011602275E-06,9.99999999999999889E-01,1.0038457027914747,0,1,APPROXIMATE_BOUNDED_BY_JNUM
LIMITER_OFF,D1,1.00000000000000002E-03,4.16666666666684893E-02,4.16766666666666466E-02,9.99999999816772456E-06,2.39942413776719093E-04,4.99999999971356690E-06,9.99999999999999889E-01,-2.377536732980976,0,1,APPROXIMATE_BOUNDED_BY_JNUM
LIMITER_OFF,D1,3.00000000000000006E-03,4.16666666666666990E-02,4.16766666666666466E-02,9.99999999995448974E-06,2.39942413819591103E-04,5.00000000008479772E-06,1.00000000000000000E+00,0.8421399819983872,0,1,APPROXIMATE_BOUNDED_BY_JNUM
LIMITER_OFF,D1,1.00000000000000002E-02,4.16666666666670529E-02,4.16766666666666466E-02,9.99999999960581032E-06,2.39942413811224803E-04,4.99999999991479482E-06,1.00000000000000000E+00,,0,1,APPROXIMATE_BOUNDED_BY_JNUM
LIMITER_OFF,D2,9.99999999999999955E-08,2.32829872196590112E-02,2.32929872094275008E-02,9.99998976870331699E-06,4.29313324168913895E-04,5.00004130165460081E-06,1.00000000000000000E+00,-1.5737820655566575,0,1,APPROXIMATE_BOUNDED_BY_JNUM
LIMITER_OFF,D2,2.99999999999999986E-07,2.32829872028538706E-02,2.32929872094275008E-02,1.00000065736345903E-05,4.29314045627742717E-04,5.00001058259189142E-06,1.00000000000000000E+00,-1.160925049069092,0,1,APPROXIMATE_BOUNDED_BY_JNUM
LIMITER_OFF,D2,9.99999999999999955E-07,2.32829872091422502E-02,2.32929872094275008E-02,1.00000002852596605E-05,4.29313775659151994E-04,5.00000237879660858E-06,9.99999999999999778E-01,-0.582428431884514,0,1,APPROXIMATE_BOUNDED_BY_JNUM
LIMITER_OFF,D2,3.00000000000000008E-06,2.32829872102625901E-02,2.32929872094275008E-02,9.99999916491940165E-06,4.29313727561402903E-04,5.00000002969305801E-06,1.00000000000000000E+00,-2.0936004186836406,0,1,APPROXIMATE_BOUNDED_BY_JNUM
LIMITER_OFF,D2,1.00000000000000008E-05,2.32829872095149312E-02,2.32929872094275008E-02,9.99999991256779464E-06,4.29313759658977393E-04,4.99999999626320191E-06,1.00000000000000000E+00,0.13316849286091298,0,1,APPROXIMATE_BOUNDED_BY_JNUM
LIMITER_OFF,D2,3.00000000000000008E-05,2.32829872093184287E-02,2.32929872094275008E-02,1.00000001090772700E-05,4.29313768095399581E-04,5.00000011281406809E-06,1.00000000000000000E+00,-1.068397592192281,0,1,APPROXIMATE_BOUNDED_BY_JNUM
LIMITER_OFF,D2,1.00000000000000005E-04,2.32829872094523285E-02,2.32929872094275008E-02,9.99999997517830169E-06,4.29313762346932720E-04,5.00000001306746822E-06,9.99999999999999778E-01,-2.306676969505819,0,1,APPROXIMATE_BOUNDED_BY_JNUM
LIMITER_OFF,D2,2.99999999999999974E-04,2.32829872094305508E-02,2.32929872094275008E-02,9.99999999694994868E-06,4.29313763281619510E-04,4.99999999861028277E-06,9.99999999999999778E-01,0.024709609147278242,0,1,APPROXIMATE_BOUNDED_BY_JNUM
LIMITER_OFF,D2,1.00000000000000002E-03,2.32829872094278204E-02,2.32929872094275008E-02,9.99999999968040343E-06,4.29313763398841606E-04,5.00000000227922292E-06,1.00000000000000000E+00,-1.4364850335855608,0,1,APPROXIMATE_BOUNDED_BY_JNUM
LIMITER_OFF,D2,3.00000000000000006E-03,2.32829872094269183E-02,2.32929872094275008E-02,1.00000000005850600E-05,4.29313763437679788E-04,5.00000000047337578E-06,1.00000000000000000E+00,-1.563669408673755,0,1,APPROXIMATE_BOUNDED_BY_JNUM
LIMITER_OFF,D2,1.00000000000000002E-02,2.32829872094276087E-02,2.32929872094275008E-02,9.99999999989811122E-06,4.29313763408188079E-04,4.99999999995469262E-06,1.00000000000000000E+00,,0,1,APPROXIMATE_BOUNDED_BY_JNUM
LIMITER_OFF,D3,9.99999999999999955E-08,4.01924343030504103E-02,4.02023377625335479E-02,9.99997691232757313E-06,2.48741179465613617E-04,7.55745360205006822E-06,9.99999999405559836E-01,-0.9205303570011127,0,1,APPROXIMATE_BOUNDED_BY_JNUM
LIMITER_OFF,D3,2.99999999999999986E-07,4.01924342912265628E-02,4.02023377625335479E-02,9.99999621592808331E-06,2.48741659626758077E-04,7.55747108481183427E-06,9.99999999405512874E-01,-1.964915611983214,0,1,APPROXIMATE_BOUNDED_BY_JNUM
LIMITER_OFF,D3,9.99999999999999955E-07,4.01924342878587221E-02,4.02023377625335479E-02,9.99999843431014197E-06,2.48741714807182489E-04,7.55746558248407418E-06,9.99999999405519757E-01,0.04059439958827791,0,1,APPROXIMATE_BOUNDED_BY_JNUM
LIMITER_OFF,D3,3.00000000000000008E-06,4.01924342875293189E-02,4.02023377625335479E-02,9.99999864103981014E-06,2.48741719949412501E-04,7.55746468350179668E-06,9.99999999405520312E-01,-0.8217921623515583,0,1,APPROXIMATE_BOUNDED_BY_JNUM
LIMITER_OFF,D3,1.00000000000000008E-05,4.01924342862609307E-02,4.02023377625335479E-02,9.99999993917998927E-06,2.48741752239579027E-04,7.55746518675548540E-06,9.99999999405520201E-01,-1.4773711079406782,0,1,APPROXIMATE_BOUNDED_BY_JNUM
LIMITER_OFF,D3,3.00000000000000008E-05,4.01924342863484371E-02,4.02023377625335479E-02,9.99999987375545920E-06,2.48741750612197692E-04,7.55746576680191295E-06,9.99999999405519979E-01,-1.2171543562625526,0,1,APPROXIMATE_BOUNDED_BY_JNUM
LIMITER_OFF,D3,1.00000000000000005E-04,4.01924342862326131E-02,4.02023377625335479E-02,9.99999998595472919E-06,2.48741753403062074E-04,7.55746577804985997E-06,9.99999999405520201E-01,-1.47344750799062,0,1,APPROXIMATE_BOUNDED_BY_JNUM
LIMITER_OFF,D3,2.99999999999999974E-04,4.01924342862112691E-02,4.02023377625335479E-02,1.00000000039022596E-05,2.48741753849492076E-04,7.55746578685531634E-06,9.99999999405520201E-01,-0.1561687787984697,0,1,APPROXIMATE_BOUNDED_BY_JNUM
LIMITER_OFF,D3,1.00000000000000002E-03,4.01924342862139128E-02,4.02023377625335479E-02,1.00000000015179804E-05,2.48741753790185079E-04,7.55746578139787628E-06,9.99999999405520090E-01,-1.7208799381319824,0,1,APPROXIMATE_BOUNDED_BY_JNUM
LIMITER_OFF,D3,3.00000000000000006E-03,4.01924342862154393E-02,4.02023377625335479E-02,1.00000000000156896E-05,2.48741753752816912E-04,7.55746578464527863E-06,9.99999999405520090E-01,-0.40966103663736253,0,1,APPROXIMATE_BOUNDED_BY_JNUM
LIMITER_OFF,D3,1.00000000000000002E-02,4.01924342862155920E-02,4.02023377625335479E-02,9.99999999979133595E-06,2.48741753747236307E-04,7.55746578361138259E-06,9.99999999405520201E-01,,0,1,APPROXIMATE_BOUNDED_BY_JNUM
RATIO_NEG,D1,9.99999999999999955E-08,4.16666666474456784E-02,4.16766666666666674E-02,1.00000192209995097E-05,2.39942875013984895E-04,5.00002289197110095E-06,1.00000000000000000E+00,-0.42875810832963324,0,1,APPROXIMATE_BOUNDED_BY_JNUM
RATIO_NEG,D1,2.99999999999999986E-07,4.16666666609982125E-02,4.16766666666666674E-02,1.00000056684687300E-05,2.39942549831289887E-04,5.00001168855096489E-06,9.99999999999999778E-01,-0.9572117179720212,0,1,APPROXIMATE_BOUNDED_BY_JNUM
RATIO_NEG,D1,9.99999999999999955E-07,4.16666666686011725E-02,4.16766666666666674E-02,9.99999806549249126E-06,2.39942367403642897E-04,5.00000156029162342E-06,1.00000000000000000E+00,-1.3750840748267188,0,1,APPROXIMATE_BOUNDED_BY_JNUM
RATIO_NEG,D1,3.00000000000000008E-06,4.16666666673136815E-02,4.16766666666666674E-02,9.99999935298420247E-06,2.39942398296029798E-04,5.00000005144302095E-06,1.00000000000000000E+00,-0.8042515760678018,0,1,APPROXIMATE_BOUNDED_BY_JNUM
RATIO_NEG,D1,1.00000000000000008E-05,4.16666666670561930E-02,4.16766666666666674E-02,9.99999961048131381E-06,2.39942404474477688E-04,4.99999989062374639E-06,9.99999999999999889E-01,-1.2894469374090192,0,1,APPROXIMATE_BOUNDED_BY_JNUM
RATIO_NEG,D1,3.00000000000000008E-05,4.16666666666062405E-02,4.16766666666666674E-02,1.00000000604269501E-05,2.39942415270581906E-04,5.00000009481804675E-06,9.99999999999999889E-01,-1.146604310822147,0,1,APPROXIMATE_BOUNDED_BY_JNUM
RATIO_NEG,D1,1.00000000000000005E-04,4.16666666666660121E-02,4.16766666666666674E-02,1.00000000006587892E-05,2.39942413836490102E-04,5.00000001963860075E-06,1.00000000000000000E+00,-2.6482169023203688,0,1,APPROXIMATE_BOUNDED_BY_JNUM
RATIO_NEG,D1,2.99999999999999974E-04,4.16666666666675525E-02,4.16766666666666674E-02,9.99999999911661830E-06,2.39942413799487013E-04,5.00000000003275602E-06,9.99999999999999889E-01,0.328785767888875,0,1,APPROXIMATE_BOUNDED_BY_JNUM
RATIO_NEG,D1,1.00000000000000002E-03,4.16666666666683921E-02,4.16766666666666674E-02,9.99999999827527741E-06,2.39942413779299603E-04,4.99999999968928077E-06,9.99999999999999778E-01,-2.4500122902406947,0,1,APPROXIMATE_BOUNDED_BY_JNUM
RATIO_NEG,D1,3.00000000000000006E-03,4.16666666666666366E-02,4.16766666666666674E-02,1.00000000000342904E-05,2.39942413821505696E-04,5.00000000012296164E-06,9.99999999999999778E-01,0.9796810185412628,0,1,APPROXIMATE_BOUNDED_BY_JNUM
RATIO_NEG,D1,1.00000000000000002E-02,4.16666666666670529E-02,4.16766666666666674E-02,9.99999999961795338E-06,2.39942413811516101E-04,4.99999999992520316E-06,1.00000000000000000E+00,,0,1,APPROXIMATE_BOUNDED_BY_JNUM
RATIO_NEG,D2,9.99999999999999955E-08,3.14904645629522431E-02,3.15004645445385867E-02,9.99998158654447689E-06,3.17455051255053006E-04,5.00003836254383964E-06,1.00000000000000000E+00,-1.4229224152856688,0,1,APPROXIMATE_BOUNDED_BY_JNUM
RATIO_NEG,D2,2.99999999999999986E-07,3.14904645356664931E-02,3.15004645445385867E-02,1.00000088720976595E-05,3.17455917450316526E-04,5.00001234169170083E-06,1.00000000000000000E+00,-1.2308388800535544,0,1,APPROXIMATE_BOUNDED_BY_JNUM
RATIO_NEG,D2,9.99999999999999955E-07,3.14904645440058223E-02,3.15004645445385867E-02,1.00000005327735602E-05,3.17455652713772912E-04,5.00000258387214762E-06,9.99999999999999778E-01,-0.5940157656438753,0,1,APPROXIMATE_BOUNDED_BY_JNUM
RATIO_NEG,D2,3.00000000000000008E-06,3.14904645455372431E-02,3.15004645445385867E-02,9.99999900133845578E-06,3.17455604097502506E-04,4.99999999082137436E-06,1.00000000000000000E+00,-2.111814740575531,0,1,APPROXIMATE_BOUNDED_BY_JNUM
RATIO_NEG,D2,1.00000000000000008E-05,3.14904645446197409E-02,3.15004645445385867E-02,9.99999991884402417E-06,3.17455633224233915E-04,5.00000002244538333E-06,1.00000000000000000E+00,0.2690471793567371,0,1,APPROXIMATE_BOUNDED_BY_JNUM
RATIO_NEG,D2,3.00000000000000008E-05,3.14904645443934220E-02,3.15004645445385867E-02,1.00000001451716597E-05,3.17455640409132316E-04,5.00000012634838065E-06,1.00000000000000000E+00,-1.084755006228809,0,1,APPROXIMATE_BOUNDED_BY_JNUM
RATIO_NEG,D2,1.00000000000000005E-04,3.14904645445735279E-02,3.15004645445385867E-02,9.99999996505879230E-06,3.17455634691347726E-04,5.00000000997619098E-06,1.00000000000000000E+00,-2.1126875732770687,0,1,APPROXIMATE_BOUNDED_BY_JNUM
RATIO_NEG,D2,2.99999999999999974E-04,3.14904645445432188E-02,3.15004645445385867E-02,9.99999999536788087E-06,3.17455635653526792E-04,4.99999999768740988E-06,1.00000000000000000E+00,-0.2171245992451267,0,1,APPROXIMATE_BOUNDED_BY_JNUM
RATIO_NEG,D2,1.00000000000000002E-03,3.14904645445388473E-02,3.15004645445385867E-02,9.99999999974111875E-06,3.17455635792357688E-04,5.00000000243361331E-06,9.99999999999999778E-01,-1.1874928465474248,0,1,APPROXIMATE_BOUNDED_BY_JNUM
RATIO_NEG,D2,3.00000000000000006E-03,3.14904645445376816E-02,3.15004645445385867E-02,1.00000000009068495E-05,3.17455635829364598E-04,5.00000000069888983E-06,1.00000000000000000E+00,-1.9856275447559666,0,1,APPROXIMATE_BOUNDED_BY_JNUM
RATIO_NEG,D2,1.00000000000000002E-02,3.14904645445386669E-02,3.15004645445385867E-02,9.99999999991459110E-06,3.17455635797864676E-04,4.99999999995989763E-06,1.00000000000000000E+00,,0,1,APPROXIMATE_BOUNDED_BY_JNUM
RATIO_NEG,D3,9.99999999999999955E-08,4.18076886455191685E-02,4.18176254561335517E-02,9.99997546172898345E-06,2.39133029497786797E-04,7.55745106930522104E-06,9.99999999639848647E-01,-0.9577520759666445,0,1,APPROXIMATE_BOUNDED_BY_JNUM
RATIO_NEG,D3,2.99999999999999986E-07,4.18076886302516382E-02,4.18176254561335517E-02,9.99999843025107369E-06,2.39133578752361589E-04,7.55747275334867075E-06,9.99999999639804127E-01,-1.971536151239302,0,1,APPROXIMATE_BOUNDED_BY_JNUM
RATIO_NEG,D3,9.99999999999999955E-07,4.18076886311490731E-02,4.18176254561335517E-02,9.99999851565316721E-06,2.39133580794612804E-04,7.55746592287498409E-06,9.99999999639798576E-01,-0.037491566248410185,0,1,APPROXIMATE_BOUNDED_BY_JNUM
RATIO_NEG,D3,3.00000000000000008E-06,4.18076886308767770E-02,4.18176254561335517E-02,9.99999866996517045E-06,2.39133584484731490E-04,7.55746470314927477E-06,9.99999999639799020E-01,-0.6733317581148318,0,1,APPROXIMATE_BOUNDED_BY_JNUM
RATIO_NEG,D3,1.00000000000000008E-05,4.18076886298367478E-02,4.18176254561335517E-02,9.99999991147521700E-06,2.39133614173410198E-04,7.55746503654231017E-06,9.99999999639797910E-01,-1.5711796290643272,0,1,APPROXIMATE_BOUNDED_BY_JNUM
RATIO_NEG,D3,3.00000000000000008E-05,4.18076886298386768E-02,4.18176254561335517E-02,9.99999987525746715E-06,2.39133613307321991E-04,7.55746578554733484E-06,9.99999999639797910E-01,-1.1840792185437663,0,1,APPROXIMATE_BOUNDED_BY_JNUM
RATIO_NEG,D3,1.00000000000000005E-04,4.18076886297237410E-02,4.18176254561335517E-02,9.99999998872084572E-06,2.39133616020612791E-04,7.55746577786597928E-06,9.99999999639798021E-01,-1.4623091425920771,0,1,APPROXIMATE_BOUNDED_BY_JNUM
RATIO_NEG,D3,2.99999999999999974E-04,4.18076886297080522E-02,4.18176254561335517E-02,1.00000000038769197E-05,2.39133616383045504E-04,7.55746578735144725E-06,9.99999999639798021E-01,-0.07587811248865364,0,1,APPROXIMATE_BOUNDED_BY_JNUM
RATIO_NEG,D3,1.00000000000000002E-03,4.18076886297104114E-02,4.18176254561335517E-02,1.00000000016170308E-05,2.39133616329003989E-04,7.55746578049582007E-06,9.99999999639798021E-01,-1.7944953971214603,0,1,APPROXIMATE_BOUNDED_BY_JNUM
RATIO_NEG,D3,3.00000000000000006E-03,4.18076886297115077E-02,4.18176254561335517E-02,1.00000000000932507E-05,2.39133616292565093E-04,7.55746578483956766E-06,9.99999999639798021E-01,-0.4299604482053247,0,1,APPROXIMATE_BOUNDED_BY_JNUM
RATIO_NEG,D3,1.00000000000000002E-02,4.18076886297118130E-02,4.18176254561335517E-02,9.99999999978215580E-06,2.39133616285125894E-04,7.55746578352811671E-06,9.99999999639798021E-01,,0,1,APPROXIMATE_BOUNDED_BY_JNUM
RATIO_POS,D1,9.99999999999999955E-08,4.16666666481233031E-02,4.16766666666666466E-02,1.00000185433617898E-05,2.39942858754581999E-04,5.00002316301470517E-06,1.00000000000000000E+00,-0.5539199206647875,0,1,APPROXIMATE_BOUNDED_BY_JNUM
RATIO_POS,D1,2.99999999999999986E-07,4.16666666602302296E-02,4.16766666666666466E-02,1.00000064364290493E-05,2.39942568257915401E-04,5.00001132713867591E-06,1.00000000000000000E+00,-0.9821472703800374,0,1,APPROXIMATE_BOUNDED_BY_JNUM
RATIO_POS,D1,9.99999999999999955E-07,4.16666666687231374E-02,4.16766666666666466E-02,9.99999794350809338E-06,2.39942364476719897E-04,5.00000104529038562E-06,1.00000000000000000E+00,-1.2940370351355603,0,1,APPROXIMATE_BOUNDED_BY_JNUM
RATIO_POS,D1,3.00000000000000008E-06,4.16666666672865782E-02,4.16766666666666466E-02,9.99999938007363580E-06,2.39942398946020304E-04,4.99999997915709371E-06,1.00000000000000000E+00,-0.7122962937485791,0,1,APPROXIMATE_BOUNDED_BY_JNUM
RATIO_POS,D1,1.00000000000000008E-05,4.16666666670602523E-02,4.16766666666666466E-02,9.99999960640471364E-06,2.39942404376662812E-04,4.99999989874919115E-06,1.00000000000000000E+00,-1.352967802119377,0,1,APPROXIMATE_BOUNDED_BY_JNUM
RATIO_POS,D1,3.00000000000000008E-05,4.16666666666053384E-02,4.16766666666666466E-02,1.00000000613151302E-05,2.39942415291893093E-04,5.00000009119247468E-06,1.00000000000000000E+00,-1.0407652049689105,0,1,APPROXIMATE_BOUNDED_BY_JNUM
RATIO_POS,D1,1.00000000000000005E-04,4.16666666666664076E-02,4.16766666666666466E-02,1.00000000002407208E-05,2.39942413826459009E-04,5.00000002072106819E-06,1.00000000000000000E+00,-3.376681987802874,0,1,APPROXIMATE_BOUNDED_BY_JNUM
RATIO_POS,D1,2.99999999999999974E-04,4.16666666666670529E-02,4.16766666666666466E-02,9.99999999960060615E-06,2.39942413811100011E-04,5.00000000011602275E-06,9.99999999999999889E-01,1.0038457027914747,0,1,APPROXIMATE_BOUNDED_BY_JNUM
RATIO_POS,D1,1.00000000000000002E-03,4.16666666666684893E-02,4.16766666666666466E-02,9.99999999816772456E-06,2.39942413776719093E-04,4.99999999971356690E-06,9.99999999999999889E-01,-2.377536732980976,0,1,APPROXIMATE_BOUNDED_BY_JNUM
RATIO_POS,D1,3.00000000000000006E-03,4.16666666666666990E-02,4.16766666666666466E-02,9.99999999995448974E-06,2.39942413819591103E-04,5.00000000008479772E-06,1.00000000000000000E+00,0.8421399819983872,0,1,APPROXIMATE_BOUNDED_BY_JNUM
RATIO_POS,D1,1.00000000000000002E-02,4.16666666666670529E-02,4.16766666666666466E-02,9.99999999960581032E-06,2.39942413811224803E-04,4.99999999991479482E-06,1.00000000000000000E+00,,0,1,APPROXIMATE_BOUNDED_BY_JNUM
RATIO_POS,D2,9.99999999999999955E-08,2.32829872196590112E-02,2.32929872094275008E-02,9.99998976870331699E-06,4.29313324168913895E-04,5.00004130165460081E-06,1.00000000000000000E+00,-1.5737820655566575,0,1,APPROXIMATE_BOUNDED_BY_JNUM
RATIO_POS,D2,2.99999999999999986E-07,2.32829872028538706E-02,2.32929872094275008E-02,1.00000065736345903E-05,4.29314045627742717E-04,5.00001058259189142E-06,1.00000000000000000E+00,-1.160925049069092,0,1,APPROXIMATE_BOUNDED_BY_JNUM
RATIO_POS,D2,9.99999999999999955E-07,2.32829872091422502E-02,2.32929872094275008E-02,1.00000002852596605E-05,4.29313775659151994E-04,5.00000237879660858E-06,9.99999999999999778E-01,-0.582428431884514,0,1,APPROXIMATE_BOUNDED_BY_JNUM
RATIO_POS,D2,3.00000000000000008E-06,2.32829872102625901E-02,2.32929872094275008E-02,9.99999916491940165E-06,4.29313727561402903E-04,5.00000002969305801E-06,1.00000000000000000E+00,-2.0936004186836406,0,1,APPROXIMATE_BOUNDED_BY_JNUM
RATIO_POS,D2,1.00000000000000008E-05,2.32829872095149312E-02,2.32929872094275008E-02,9.99999991256779464E-06,4.29313759658977393E-04,4.99999999626320191E-06,1.00000000000000000E+00,0.13316849286091298,0,1,APPROXIMATE_BOUNDED_BY_JNUM
RATIO_POS,D2,3.00000000000000008E-05,2.32829872093184287E-02,2.32929872094275008E-02,1.00000001090772700E-05,4.29313768095399581E-04,5.00000011281406809E-06,1.00000000000000000E+00,-1.068397592192281,0,1,APPROXIMATE_BOUNDED_BY_JNUM
RATIO_POS,D2,1.00000000000000005E-04,2.32829872094523285E-02,2.32929872094275008E-02,9.99999997517830169E-06,4.29313762346932720E-04,5.00000001306746822E-06,9.99999999999999778E-01,-2.306676969505819,0,1,APPROXIMATE_BOUNDED_BY_JNUM
RATIO_POS,D2,2.99999999999999974E-04,2.32829872094305508E-02,2.32929872094275008E-02,9.99999999694994868E-06,4.29313763281619510E-04,4.99999999861028277E-06,9.99999999999999778E-01,0.024709609147278242,0,1,APPROXIMATE_BOUNDED_BY_JNUM
RATIO_POS,D2,1.00000000000000002E-03,2.32829872094278204E-02,2.32929872094275008E-02,9.99999999968040343E-06,4.29313763398841606E-04,5.00000000227922292E-06,1.00000000000000000E+00,-1.4364850335855608,0,1,APPROXIMATE_BOUNDED_BY_JNUM
RATIO_POS,D2,3.00000000000000006E-03,2.32829872094269183E-02,2.32929872094275008E-02,1.00000000005850600E-05,4.29313763437679788E-04,5.00000000047337578E-06,1.00000000000000000E+00,-1.563669408673755,0,1,APPROXIMATE_BOUNDED_BY_JNUM
RATIO_POS,D2,1.00000000000000002E-02,2.32829872094276087E-02,2.32929872094275008E-02,9.99999999989811122E-06,4.29313763408188079E-04,4.99999999995469262E-06,1.00000000000000000E+00,,0,1,APPROXIMATE_BOUNDED_BY_JNUM
RATIO_POS,D3,9.99999999999999955E-08,4.01924343030504103E-02,4.02023377625335479E-02,9.99997691232757313E-06,2.48741179465613617E-04,7.55745360205006822E-06,9.99999999405559836E-01,-0.9205303570011127,0,1,APPROXIMATE_BOUNDED_BY_JNUM
RATIO_POS,D3,2.99999999999999986E-07,4.01924342912265628E-02,4.02023377625335479E-02,9.99999621592808331E-06,2.48741659626758077E-04,7.55747108481183427E-06,9.99999999405512874E-01,-1.964915611983214,0,1,APPROXIMATE_BOUNDED_BY_JNUM
RATIO_POS,D3,9.99999999999999955E-07,4.01924342878587221E-02,4.02023377625335479E-02,9.99999843431014197E-06,2.48741714807182489E-04,7.55746558248407418E-06,9.99999999405519757E-01,0.04059439958827791,0,1,APPROXIMATE_BOUNDED_BY_JNUM
RATIO_POS,D3,3.00000000000000008E-06,4.01924342875293189E-02,4.02023377625335479E-02,9.99999864103981014E-06,2.48741719949412501E-04,7.55746468350179668E-06,9.99999999405520312E-01,-0.8217921623515583,0,1,APPROXIMATE_BOUNDED_BY_JNUM
RATIO_POS,D3,1.00000000000000008E-05,4.01924342862609307E-02,4.02023377625335479E-02,9.99999993917998927E-06,2.48741752239579027E-04,7.55746518675548540E-06,9.99999999405520201E-01,-1.4773711079406782,0,1,APPROXIMATE_BOUNDED_BY_JNUM
RATIO_POS,D3,3.00000000000000008E-05,4.01924342863484371E-02,4.02023377625335479E-02,9.99999987375545920E-06,2.48741750612197692E-04,7.55746576680191295E-06,9.99999999405519979E-01,-1.2171543562625526,0,1,APPROXIMATE_BOUNDED_BY_JNUM
RATIO_POS,D3,1.00000000000000005E-04,4.01924342862326131E-02,4.02023377625335479E-02,9.99999998595472919E-06,2.48741753403062074E-04,7.55746577804985997E-06,9.99999999405520201E-01,-1.47344750799062,0,1,APPROXIMATE_BOUNDED_BY_JNUM
RATIO_POS,D3,2.99999999999999974E-04,4.01924342862112691E-02,4.02023377625335479E-02,1.00000000039022596E-05,2.48741753849492076E-04,7.55746578685531634E-06,9.99999999405520201E-01,-0.1561687787984697,0,1,APPROXIMATE_BOUNDED_BY_JNUM
RATIO_POS,D3,1.00000000000000002E-03,4.01924342862139128E-02,4.02023377625335479E-02,1.00000000015179804E-05,2.48741753790185079E-04,7.55746578139787628E-06,9.99999999405520090E-01,-1.7208799381319824,0,1,APPROXIMATE_BOUNDED_BY_JNUM
RATIO_POS,D3,3.00000000000000006E-03,4.01924342862154393E-02,4.02023377625335479E-02,1.00000000000156896E-05,2.48741753752816912E-04,7.55746578464527863E-06,9.99999999405520090E-01,-0.40966103663736253,0,1,APPROXIMATE_BOUNDED_BY_JNUM
RATIO_POS,D3,1.00000000000000002E-02,4.01924342862155920E-02,4.02023377625335479E-02,9.99999999979133595E-06,2.48741753747236307E-04,7.55746578361138259E-06,9.99999999405520201E-01,,0,1,APPROXIMATE_BOUNDED_BY_JNUM
SE_CLIP_HIGH,D1,9.99999999999999955E-08,4.16666666477167325E-02,4.16766666666666605E-02,1.00000189499428493E-05,2.39942868510185903E-04,5.00002234986307581E-06,9.99999999999999889E-01,-0.11501425071552597,0,1,APPROXIMATE_BOUNDED_BY_JNUM
SE_CLIP_HIGH,D1,2.99999999999999986E-07,4.16666666604560976E-02,4.16766666666666605E-02,1.00000062105746799E-05,2.39942562838711091E-04,5.00001530255589440E-06,1.00000000000000000E+00,-1.0389622195072332,0,1,APPROXIMATE_BOUNDED_BY_JNUM
SE_CLIP_HIGH,D1,9.99999999999999955E-07,4.16666666683436701E-02,4.16766666666666605E-02,9.99999832298526409E-06,2.39942373581986703E-04,5.00000267159364520E-06,1.00000000000000000E+00,-1.4817884198901483,0,1,APPROXIMATE_BOUNDED_BY_JNUM
SE_CLIP_HIGH,D1,3.00000000000000008E-06,4.16666666672865782E-02,4.16766666666666605E-02,9.99999938008060349E-06,2.39942398946187406E-04,5.00000019599752821E-06,9.99999999999999889E-01,-0.9321663174965419,0,1,APPROXIMATE_BOUNDED_BY_JNUM
SE_CLIP_HIGH,D1,1.00000000000000008E-05,4.16666666670453406E-02,4.16766666666666605E-02,9.99999962131639833E-06,2.39942404734457308E-04,4.99999988520100080E-06,1.00000000000000000E+00,-1.0317500559869335,0,1,APPROXIMATE_BOUNDED_BY_JNUM
SE_CLIP_HIGH,D1,3.00000000000000008E-05,4.16666666665981081E-02,4.16766666666666605E-02,1.00000000685489305E-05,2.39942415465462503E-04,5.00000012372547875E-06,1.00000000000000000E+00,-1.3458500245149385,0,1,APPROXIMATE_BOUNDED_BY_JNUM
SE_CLIP_HIGH,D1,1.00000000000000005E-04,4.16666666666666921E-02,4.16766666666666605E-02,9.99999999997530642E-06,2.39942413820090595E-04,5.00000001747019640E-06,1.00000000000000000E+00,-3.330150184660768,0,1,APPROXIMATE_BOUNDED_BY_JNUM
SE_CLIP_HIGH,D1,2.99999999999999974E-04,4.16666666666670529E-02,4.16766666666666605E-02,9.99999999960581032E-06,2.39942413811224803E-04,5.00000000011949219E-06,1.00000000000000000E+00,1.0587050244860763,0,1,APPROXIMATE_BOUNDED_BY_JNUM
SE_CLIP_HIGH,D1,1.00000000000000002E-03,4.16666666666686281E-02,4.16766666666666605E-02,9.99999999802374251E-06,2.39942413773264310E-04,4.99999999968928077E-06,1.00000000000000000E+00,-1.9372950739915722,0,1,APPROXIMATE_BOUNDED_BY_JNUM
SE_CLIP_HIGH,D1,3.00000000000000006E-03,4.16666666666666227E-02,4.16766666666666605E-02,1.00000000000447004E-05,2.39942413821755496E-04,5.00000000022704505E-06,9.99999999999999889E-01,0.37288661767459524,0,1,APPROXIMATE_BOUNDED_BY_JNUM
SE_CLIP_HIGH,D1,1.00000000000000002E-02,4.16666666666670391E-02,4.16766666666666605E-02,9.99999999961968811E-06,2.39942413811557788E-04,4.99999999991826427E-06,1.00000000000000000E+00,,0,1,APPROXIMATE_BOUNDED_BY_JNUM
SE_CLIP_HIGH,D2,9.99999999999999955E-08,4.65996002812292670E-02,4.66096002441077073E-02,9.99996287865806942E-06,2.14547278377961298E-04,5.00003144805749589E-06,1.00000000000000000E+00,-1.323804122362476,0,1,APPROXIMATE_BOUNDED_BY_JNUM
SE_CLIP_HIGH,D2,2.99999999999999986E-07,4.65996002320787778E-02,4.66096002441077073E-02,1.00000120289531704E-05,2.14548332888080199E-04,5.00001410082273612E-06,1.00000000000000000E+00,-1.2293132091822674,0,1,APPROXIMATE_BOUNDED_BY_JNUM
SE_CLIP_HIGH,D2,9.99999999999999955E-07,4.65996002428485170E-02,4.66096002441077073E-02,1.00000012592048502E-05,2.14548101825203495E-04,5.00000298773659035E-06,1.00000000000000000E+00,-0.5355166219728379,0,1,APPROXIMATE_BOUNDED_BY_JNUM
SE_CLIP_HIGH,D2,3.00000000000000008E-06,4.65996002455680500E-02,4.66096002441077073E-02,9.99999853966613960E-06,2.14548043478024003E-04,5.00000000618061602E-06,1.00000000000000000E+00,-1.9353199658888727,0,1,APPROXIMATE_BOUNDED_BY_JNUM
SE_CLIP_HIGH,D2,1.00000000000000008E-05,4.65996002442200172E-02,4.66096002441077073E-02,9.99999988769359641E-06,2.14548072399693587E-04,5.00000005497144935E-06,1.00000000000000000E+00,0.13987934727761667,0,1,APPROXIMATE_BOUNDED_BY_JNUM
SE_CLIP_HIGH,D2,3.00000000000000008E-05,4.65996002438911622E-02,4.66096002441077073E-02,1.00000002165659407E-05,2.14548079455586404E-04,5.00000015436069534E-06,1.00000000000000000E+00,-1.1164232669332137,0,1,APPROXIMATE_BOUNDED_BY_JNUM
SE_CLIP_HIGH,D2,1.00000000000000005E-04,4.65996002441606688E-02,4.66096002441077073E-02,9.99999994705062789E-06,2.14548073673187213E-04,5.00000000619449381E-06,1.00000000000000000E+00,-2.004844282528712,0,1,APPROXIMATE_BOUNDED_BY_JNUM
SE_CLIP_HIGH,D2,2.99999999999999974E-04,4.65996002441149068E-02,4.66096002441077073E-02,9.99999999280742902E-06,2.14548074654890593E-04,4.99999999678535367E-06,1.00000000000000000E+00,-0.3924310175980838,0,1,APPROXIMATE_BOUNDED_BY_JNUM
SE_CLIP_HIGH,D2,1.00000000000000002E-03,4.65996002441080373E-02,4.66096002441077073E-02,9.99999999967346453E-06,2.14548074802200112E-04,5.00000000271463936E-06,1.00000000000000000E+00,-0.9844887214244229,0,1,APPROXIMATE_BOUNDED_BY_JNUM
SE_CLIP_HIGH,D2,3.00000000000000006E-03,4.65996002441062471E-02,4.66096002441077073E-02,1.00000000014671703E-05,2.14548074840683706E-04,5.00000000106665121E-06,1.00000000000000000E+00,-2.3897996762413203,0,1,APPROXIMATE_BOUNDED_BY_JNUM
SE_CLIP_HIGH,D2,1.00000000000000002E-02,4.65996002441077875E-02,4.66096002441077073E-02,9.99999999992326472E-06,2.14548074807559513E-04,4.99999999997030597E-06,1.00000000000000000E+00,,0,1,APPROXIMATE_BOUNDED_BY_JNUM
SE_CLIP_HIGH,D3,9.99999999999999955E-08,4.56694674758548469E-02,4.56792650929353089E-02,9.99997166898609977E-06,2.18917087405871608E-04,7.55744645601630265E-06,9.99999999039825171E-01,-1.011243522373814,0,1,APPROXIMATE_BOUNDED_BY_JNUM
SE_CLIP_HIGH,D3,2.99999999999999986E-07,4.56694674538400819E-02,4.56792650929353089E-02,1.00000001599329994E-05,2.18917711123150008E-04,7.55747536806961136E-06,9.99999999039792087E-01,-1.79416789847386,0,1,APPROXIMATE_BOUNDED_BY_JNUM
SE_CLIP_HIGH,D3,9.99999999999999955E-07,4.56694674616425073E-02,4.56792650929353089E-02,9.99999848525618372E-06,2.18917674461509000E-04,7.55746656796313365E-06,9.99999999039763443E-01,-0.3541057131369731,0,1,APPROXIMATE_BOUNDED_BY_JNUM
SE_CLIP_HIGH,D3,3.00000000000000008E-06,4.56694674613867813E-02,4.56792650929353089E-02,9.99999861489178617E-06,2.18917677299461909E-04,7.55746468868168098E-06,9.99999999039763998E-01,-0.49897806244299314,0,1,APPROXIMATE_BOUNDED_BY_JNUM
SE_CLIP_HIGH,D3,1.00000000000000008E-05,4.56694674607016418E-02,4.56792650929353089E-02,9.99999986625380846E-06,2.18917704693992400E-04,7.55746476819446622E-06,9.99999999039761112E-01,-1.6453940209801674,0,1,APPROXIMATE_BOUNDED_BY_JNUM
SE_CLIP_HIGH,D3,3.00000000000000008E-05,4.56694674605254980E-02,4.56792650929353089E-02,9.99999988027997442E-06,2.18917705001050002E-04,7.55746582348226781E-06,9.99999999039762000E-01,-1.1526861429761752,0,1,APPROXIMATE_BOUNDED_BY_JNUM
SE_CLIP_HIGH,D3,1.00000000000000005E-04,4.56694674604194786E-02,4.56792650929353089E-02,9.99999999126699288E-06,2.18917707430752411E-04,7.55746577704025091E-06,9.99999999039762000E-01,-1.4971714203177995,0,1,APPROXIMATE_BOUNDED_BY_JNUM
SE_CLIP_HIGH,D3,2.99999999999999974E-04,4.56694674604135667E-02,4.56792650929353089E-02,1.00000000033335701E-05,2.18917707694911195E-04,7.55746578823962567E-06,9.99999999039762000E-01,0.01726896745214598,0,1,APPROXIMATE_BOUNDED_BY_JNUM
SE_CLIP_HIGH,D3,1.00000000000000002E-03,4.56694674604151488E-02,4.56792650929353089E-02,1.00000000016313897E-05,2.18917707657647411E-04,7.55746577883048638E-06,9.99999999039762000E-01,-1.832330478206765,0,1,APPROXIMATE_BOUNDED_BY_JNUM
SE_CLIP_HIGH,D3,3.00000000000000006E-03,4.56694674604150308E-02,4.56792650929353089E-02,1.00000000003726597E-05,2.18917707630091491E-04,7.55746578522814572E-06,9.99999999039762222E-01,-0.45200152028320817,0,1,APPROXIMATE_BOUNDED_BY_JNUM
SE_CLIP_HIGH,D3,1.00000000000000002E-02,4.56694674604159120E-02,4.56792650929353089E-02,9.99999999972503698E-06,2.18917707615914003E-04,7.55746578332688879E-06,9.99999999039762222E-01,,0,1,APPROXIMATE_BOUNDED_BY_JNUM
SE_CLIP_LOW,D1,9.99999999999999955E-08,4.16666666469035774E-02,4.16766666666666674E-02,1.00000197631022002E-05,2.39942888021327602E-04,5.00002397616980399E-06,1.00000000000000000E+00,-0.9988169153910376,0,1,APPROXIMATE_BOUNDED_BY_JNUM
SE_CLIP_LOW,D1,2.99999999999999986E-07,4.16666666602754088E-02,4.16766666666666674E-02,1.00000063912603194E-05,2.39942567174125903E-04,5.00000807453909735E-06,9.99999999999999889E-01,-0.969298421589587,0,1,APPROXIMATE_BOUNDED_BY_JNUM
SE_CLIP_LOW,D1,9.99999999999999955E-07,4.16666666687231513E-02,4.16766666666666674E-02,9.99999794351975532E-06,2.39942364476999594E-04,4.99999979846135841E-06,9.99999999999999778E-01,-1.0646419321018352,0,1,APPROXIMATE_BOUNDED_BY_JNUM
SE_CLIP_LOW,D1,3.00000000000000008E-06,4.16666666672865782E-02,4.16766666666666674E-02,9.99999938008750004E-06,2.39942398946352910E-04,4.99999994302280371E-06,9.99999999999999889E-01,-0.5006592899488641,0,1,APPROXIMATE_BOUNDED_BY_JNUM
SE_CLIP_LOW,D1,1.00000000000000008E-05,4.16666666670588923E-02,4.16766666666666674E-02,9.99999960777167912E-06,2.39942404409461987E-04,4.99999992314634212E-06,9.99999999999999889E-01,-1.5490755446678668,0,1,APPROXIMATE_BOUNDED_BY_JNUM
SE_CLIP_LOW,D1,3.00000000000000008E-05,4.16666666666035274E-02,4.16766666666666674E-02,1.00000000631331204E-05,2.39942415335514287E-04,5.00000007674222813E-06,1.00000000000000000E+00,-0.7884608707393979,0,1,APPROXIMATE_BOUNDED_BY_JNUM
SE_CLIP_LOW,D1,1.00000000000000005E-04,4.16666666666666921E-02,4.16766666666666674E-02,9.99999999998224531E-06,2.39942413820256993E-04,5.00000002289641059E-06,1.00000000000000000E+00,-3.938700816586887,0,1,APPROXIMATE_BOUNDED_BY_JNUM
SE_CLIP_LOW,D1,2.99999999999999974E-04,4.16666666666670529E-02,4.16766666666666674E-02,9.99999999961274921E-06,2.39942413811391309E-04,4.99999999993908095E-06,1.00000000000000000E+00,1.513733904728865,0,1,APPROXIMATE_BOUNDED_BY_JNUM
SE_CLIP_LOW,D1,1.00000000000000002E-03,4.16666666666685934E-02,4.16766666666666674E-02,9.99999999808272311E-06,2.39942413774679410E-04,4.99999999985234478E-06,9.99999999999999889E-01,-3.5341061468228383,0,1,APPROXIMATE_BOUNDED_BY_JNUM
SE_CLIP_LOW,D1,3.00000000000000006E-03,4.16666666666666227E-02,4.16766666666666674E-02,1.00000000000533707E-05,2.39942413821963609E-04,5.00000000005357270E-06,1.00000000000000000E+00,1.7734557768490957,0,1,APPROXIMATE_BOUNDED_BY_JNUM
SE_CLIP_LOW,D1,1.00000000000000002E-02,4.16666666666670529E-02,4.16766666666666674E-02,9.99999999960927977E-06,2.39942413811307988E-04,4.99999999992520316E-06,1.00000000000000000E+00,,0,1,APPROXIMATE_BOUNDED_BY_JNUM
SE_CLIP_LOW,D2,9.99999999999999955E-08,4.62962961993466666E-03,4.63962962967160494E-03,1.00000097371257099E-05,2.15534655464158509E-03,5.00004593262642211E-06,9.99999999999999889E-01,-1.807005027056787,0,1,APPROXIMATE_BOUNDED_BY_JNUM
SE_CLIP_LOW,D2,2.99999999999999986E-07,4.62962962761443060E-03,4.63962962967160494E-03,1.00000020571768598E-05,2.15534489934806912E-03,5.00000798555038511E-06,1.00000000000000000E+00,-1.025659190877534,0,1,APPROXIMATE_BOUNDED_BY_JNUM
SE_CLIP_LOW,D2,9.99999999999999955E-07,4.62962963004485105E-03,4.63962962967160494E-03,9.99999962675418553E-06,2.15534437550826382E-03,5.00000185980897793E-06,9.99999999999999889E-01,-0.9831834204166349,0,1,APPROXIMATE_BOUNDED_BY_JNUM
SE_CLIP_LOW,D2,3.00000000000000008E-06,4.62962962992739639E-03,4.63962962967160494E-03,9.99999974420922719E-06,2.15534440082387193E-03,5.00000017929561058E-06,1.00000000000000000E+00,-2.1136278366717094,0,1,APPROXIMATE_BOUNDED_BY_JNUM
SE_CLIP_LOW,D2,1.00000000000000008E-05,4.62962962973314292E-03,4.63962962967160494E-03,9.99999993846201196E-06,2.15534444269203799E-03,4.99999998413835217E-06,1.00000000000000000E+00,0.19048957577378547,0,1,APPROXIMATE_BOUNDED_BY_JNUM
SE_CLIP_LOW,D2,3.00000000000000008E-05,4.62962962965273242E-03,4.63962962967160494E-03,1.00000000188736008E-05,2.15534446002350498E-03,5.00000007448838865E-06,1.00000000000000000E+00,-1.0926051933627123,0,1,APPROXIMATE_BOUNDED_BY_JNUM
SE_CLIP_LOW,D2,1.00000000000000005E-04,4.62962962967459601E-03,4.63962962967160494E-03,9.99999999700892928E-06,2.15534445531091485E-03,5.00000001666441735E-06,1.00000000000000000E+00,-2.9648219997215177,0,1,APPROXIMATE_BOUNDED_BY_JNUM
SE_CLIP_LOW,D2,2.99999999999999974E-04,4.62962962967143361E-03,4.63962962967160494E-03,1.00000000001708999E-05,2.15534445599242785E-03,5.00000000076264092E-06,1.00000000000000000E+00,0.9239017549271066,0,1,APPROXIMATE_BOUNDED_BY_JNUM
SE_CLIP_LOW,D2,1.00000000000000002E-03,4.62962962967183173E-03,4.63962962967160494E-03,9.99999999977364482E-06,2.15534445590680711E-03,5.00000000202855538E-06,9.99999999999999889E-01,-3.755649807696332,0,1,APPROXIMATE_BOUNDED_BY_JNUM
SE_CLIP_LOW,D2,3.00000000000000006E-03,4.62962962967160534E-03,4.63962962967160494E-03,9.99999999999937571E-06,2.15534445595546003E-03,5.00000000002278136E-06,1.00000000000000000E+00,0.6457331577809476,0,1,APPROXIMATE_BOUNDED_BY_JNUM
SE_CLIP_LOW,D2,1.00000000000000002E-02,4.62962962967169035E-03,4.63962962967160494E-03,9.99999999991459110E-06,2.15534445593718602E-03,4.99999999996857125E-06,1.00000000000000000E+00,,0,1,APPROXIMATE_BOUNDED_BY_JNUM
SE_CLIP_LOW,D3,9.99999999999999955E-08,3.80536504619692767E-02,3.80630719810339177E-02,9.99998165693892874E-06,2.62721350024551980E-04,7.55745974355750971E-06,9.99999996121820445E-01,-0.6835970806469164,0,1,APPROXIMATE_BOUNDED_BY_JNUM
SE_CLIP_LOW,D3,2.99999999999999986E-07,3.80536504546838128E-02,3.80630719810339177E-02,9.99999276097756154E-06,2.62721641751889091E-04,7.55746733297271711E-06,9.99999996121791135E-01,-1.5232245100474642,0,1,APPROXIMATE_BOUNDED_BY_JNUM
SE_CLIP_LOW,D3,9.99999999999999955E-07,3.80536504451810809E-02,3.80630719810339177E-02,9.99999856903165719E-06,2.62721794342150319E-04,7.55746478509761177E-06,9.99999996121812673E-01,-0.22464440377048658,0,1,APPROXIMATE_BOUNDED_BY_JNUM
SE_CLIP_LOW,D3,3.00000000000000008E-06,3.80536504449464977E-02,3.80630719810339177E-02,9.99999865884321958E-06,2.62721796701696091E-04,7.55746467667739537E-06,9.99999996121813894E-01,-1.3802162751828035,0,1,APPROXIMATE_BOUNDED_BY_JNUM
SE_CLIP_LOW,D3,1.00000000000000008E-05,3.80536504433166070E-02,3.80630719810339177E-02,1.00000000166810696E-05,2.62721832375060907E-04,7.55746553320058023E-06,9.99999996121814783E-01,-0.9295467874056705,0,1,APPROXIMATE_BOUNDED_BY_JNUM
SE_CLIP_LOW,D3,3.00000000000000008E-05,3.80536504435610434E-02,3.80630719810339177E-02,9.99999987161442249E-06,2.62721828563843289E-04,7.55746572293422569E-06,9.99999996121814450E-01,-1.2547066527209938,0,1,APPROXIMATE_BOUNDED_BY_JNUM
SE_CLIP_LOW,D3,1.00000000000000005E-04,3.80536504434476133E-02,3.80630719810339177E-02,9.99999998045431915E-06,2.62721831423304980E-04,7.55746577822680177E-06,9.99999996121814450E-01,-1.5113192388837153,0,1,APPROXIMATE_BOUNDED_BY_JNUM
SE_CLIP_LOW,D3,2.99999999999999974E-04,3.80536504434169295E-02,3.80630719810339177E-02,1.00000000042834803E-05,2.62721832049349173E-04,7.55746578617530473E-06,9.99999996121814450E-01,-0.6176699139797609,0,1,APPROXIMATE_BOUNDED_BY_JNUM
SE_CLIP_LOW,D3,1.00000000000000002E-03,3.80536504434198786E-02,3.80630719810339177E-02,1.00000000015452295E-05,2.62721831977409323E-04,7.55746578359403620E-06,9.99999996121814450E-01,-1.1853868184277638,0,1,APPROXIMATE_BOUNDED_BY_JNUM
SE_CLIP_LOW,D3,3.00000000000000006E-03,3.80536504434222725E-02,3.80630719810339177E-02,9.99999999973862847E-06,2.62721831929945988E-04,7.55746578417343384E-06,9.99999996121814450E-01,-0.5785039001250064,0,1,APPROXIMATE_BOUNDED_BY_JNUM
SE_CLIP_LOW,D3,1.00000000000000002E-02,3.80536504434221823E-02,3.80630719810339177E-02,9.99999999986005403E-06,2.62721831933136090E-04,7.55746578382648915E-06,9.99999996121814561E-01,,0,1,APPROXIMATE_BOUNDED_BY_JNUM
