run_id,state_id,term_id,frobenius_norm,max_abs,signed_sum,units,finite,sum_to_returned_max_abs,audit_classification,sum_check_pass
run1,I0,KSS_STORAGE,.4861111111111110,.1944444444444444,1.750000000000000,RS_per_S,1,.000000000000000,PHYSICAL_DERIVATIVE,1
run1,I0,KSS_STRAIN_SAT,.1620370370370371E-07,.6481481481481482E-08,.5833333333333332E-07,RS_per_S,1,.000000000000000,PHYSICAL_DERIVATIVE,1
run1,I0,KSS_MOBILITY,.1785302648505703E-02,.7585987793002644E-03,-.1626303258728257E-18,RS_per_S,1,.000000000000000,PHYSICAL_DERIVATIVE,1
run1,I0,KSS_PC_FIRST,.5004689329072661E-02,.2139080841729037E-02,-.4336808689942018E-18,RS_per_S,1,.000000000000000,PHYSICAL_DERIVATIVE,1
run1,I0,KSS_PC_SECOND,.5151277394807308E-05,.2195188214638551E-05,-.5293955920339377E-21,RS_per_S,1,.000000000000000,PHYSICAL_DERIVATIVE,1
run1,I0,KSS_PAIRED_CAPACITY,.000000000000000,.000000000000000,.000000000000000,RS_per_S,1,.000000000000000,PAIRED_NUMERICAL_TERM_DISABLED_IN_M2A,1
run1,I0,KSS_PAIRED_ANCHOR,.000000000000000,.000000000000000,.000000000000000,RS_per_S,1,.000000000000000,PAIRED_NUMERICAL_TERM_DISABLED_IN_M2A,1
run1,I0,KSS_PAIRED_DIAG,.000000000000000,.000000000000000,.000000000000000,RS_per_S,1,.000000000000000,PAIRED_NUMERICAL_TERM_DISABLED_IN_M2A,1
run1,I0,KSS_TOTAL,.4882699484375020,.1973443257351699,1.750000058333333,RS_per_S,1,.4163336342344337E-16,PHYSICAL_DERIVATIVE,1
run1,I1,KSS_STORAGE,.4861111111111110,.1944444444444444,1.750000000000000,RS_per_S,1,.000000000000000,PHYSICAL_DERIVATIVE,1
run1,I1,KSS_STRAIN_SAT,.6481481481481481E-07,.2592592592592592E-07,.2333333333333333E-06,RS_per_S,1,.000000000000000,PHYSICAL_DERIVATIVE,1
run1,I1,KSS_MOBILITY,.4444898161239429,.1892982608835242,.5551115123125783E-16,RS_per_S,1,.000000000000000,PHYSICAL_DERIVATIVE,1
run1,I1,KSS_PC_FIRST,.9185610520426900E-02,.3943392252049609E-02,-.8673617379884035E-18,RS_per_S,1,.000000000000000,PHYSICAL_DERIVATIVE,1
run1,I1,KSS_PC_SECOND,.4668409292544246E-04,.1492118607955734E-04,-.3388131789017201E-20,RS_per_S,1,.000000000000000,PHYSICAL_DERIVATIVE,1
run1,I1,KSS_PAIRED_CAPACITY,.000000000000000,.000000000000000,.000000000000000,RS_per_S,1,.000000000000000,PAIRED_NUMERICAL_TERM_DISABLED_IN_M2A,1
run1,I1,KSS_PAIRED_ANCHOR,.000000000000000,.000000000000000,.000000000000000,RS_per_S,1,.000000000000000,PAIRED_NUMERICAL_TERM_DISABLED_IN_M2A,1
run1,I1,KSS_PAIRED_DIAG,.000000000000000,.000000000000000,.000000000000000,RS_per_S,1,.000000000000000,PAIRED_NUMERICAL_TERM_DISABLED_IN_M2A,1
run1,I1,KSS_TOTAL,.6619966903507288,.3877010446920237,1.750000233333333,RS_per_S,1,.1110223024625157E-15,PHYSICAL_DERIVATIVE,1
run1,I2,KSS_STORAGE,.4861111111111110,.1944444444444444,1.750000000000000,RS_per_S,1,.000000000000000,PHYSICAL_DERIVATIVE,1
run1,I2,KSS_STRAIN_SAT,.6481481481481484E-05,.2592592592592594E-05,.2333333333333334E-04,RS_per_S,1,.000000000000000,PHYSICAL_DERIVATIVE,1
run1,I2,KSS_MOBILITY,.6786706579355134,.3089712275636490,.000000000000000,RS_per_S,1,.000000000000000,PHYSICAL_DERIVATIVE,1
run1,I2,KSS_PC_FIRST,.1391754329342073E-01,.6996576792358163E-02,-.8673617379884035E-18,RS_per_S,1,.000000000000000,PHYSICAL_DERIVATIVE,1
run1,I2,KSS_PC_SECOND,.2010072059575014E-02,.1081562860142095E-02,-.1626303258728257E-18,RS_per_S,1,.000000000000000,PHYSICAL_DERIVATIVE,1
run1,I2,KSS_PAIRED_CAPACITY,.000000000000000,.000000000000000,.000000000000000,RS_per_S,1,.000000000000000,PAIRED_NUMERICAL_TERM_DISABLED_IN_M2A,1
run1,I2,KSS_PAIRED_ANCHOR,.000000000000000,.000000000000000,.000000000000000,RS_per_S,1,.000000000000000,PAIRED_NUMERICAL_TERM_DISABLED_IN_M2A,1
run1,I2,KSS_PAIRED_DIAG,.000000000000000,.000000000000000,.000000000000000,RS_per_S,1,.000000000000000,PAIRED_NUMERICAL_TERM_DISABLED_IN_M2A,1
run1,I2,KSS_TOTAL,.8462745062817070,.5102081154747821,1.750023333333333,RS_per_S,1,.5551115123125783E-16,PHYSICAL_DERIVATIVE,1
run1,LIMITER_OFF,KSS_STORAGE,.4861111111111110,.1944444444444444,1.750000000000000,RS_per_S,1,.000000000000000,PHYSICAL_DERIVATIVE,1
run1,LIMITER_OFF,KSS_STRAIN_SAT,.6481481481481484E-05,.2592592592592594E-05,.2333333333333334E-04,RS_per_S,1,.000000000000000,PHYSICAL_DERIVATIVE,1
run1,LIMITER_OFF,KSS_MOBILITY,.6019141081965487,.2611470061171715,.000000000000000,RS_per_S,1,.000000000000000,PHYSICAL_DERIVATIVE,1
run1,LIMITER_OFF,KSS_PC_FIRST,.9376095853724589E-02,.3997980705265902E-02,-.8673617379884035E-18,RS_per_S,1,.000000000000000,PHYSICAL_DERIVATIVE,1
run1,LIMITER_OFF,KSS_PC_SECOND,.8322469183112487E-19,.3882484729475257E-19,.000000000000000,RS_per_S,1,.000000000000000,PHYSICAL_DERIVATIVE,1
run1,LIMITER_OFF,KSS_PAIRED_CAPACITY,.000000000000000,.000000000000000,.000000000000000,RS_per_S,1,.000000000000000,PAIRED_NUMERICAL_TERM_DISABLED_IN_M2A,1
run1,LIMITER_OFF,KSS_PAIRED_ANCHOR,.000000000000000,.000000000000000,.000000000000000,RS_per_S,1,.000000000000000,PAIRED_NUMERICAL_TERM_DISABLED_IN_M2A,1
run1,LIMITER_OFF,KSS_PAIRED_DIAG,.000000000000000,.000000000000000,.000000000000000,RS_per_S,1,.000000000000000,PAIRED_NUMERICAL_TERM_DISABLED_IN_M2A,1
run1,LIMITER_OFF,KSS_TOTAL,.7762639990099203,.4595920238594738,1.750023333333333,RS_per_S,1,.5551115123125783E-16,PHYSICAL_DERIVATIVE,1
run1,LIMITER_INACT,KSS_STORAGE,.4861111111111110,.1944444444444444,1.750000000000000,RS_per_S,1,.000000000000000,PHYSICAL_DERIVATIVE,1
run1,LIMITER_INACT,KSS_STRAIN_SAT,.6481481481481484E-05,.2592592592592594E-05,.2333333333333334E-04,RS_per_S,1,.000000000000000,PHYSICAL_DERIVATIVE,1
run1,LIMITER_INACT,KSS_MOBILITY,.4815312865572386,.2089176048937370,.1110223024625157E-15,RS_per_S,1,.000000000000000,PHYSICAL_DERIVATIVE,1
run1,LIMITER_INACT,KSS_PC_FIRST,.5201312948193223E-02,.2217847293089014E-02,-.4336808689942018E-18,RS_per_S,1,.000000000000000,PHYSICAL_DERIVATIVE,1
run1,LIMITER_INACT,KSS_PC_SECOND,.4197111016857956E-19,.1957978944990121E-19,-.1128474576789396E-35,RS_per_S,1,.000000000000000,PHYSICAL_DERIVATIVE,1
run1,LIMITER_INACT,KSS_PAIRED_CAPACITY,.000000000000000,.000000000000000,.000000000000000,RS_per_S,1,.000000000000000,PAIRED_NUMERICAL_TERM_DISABLED_IN_M2A,1
run1,LIMITER_INACT,KSS_PAIRED_ANCHOR,.000000000000000,.000000000000000,.000000000000000,RS_per_S,1,.000000000000000,PAIRED_NUMERICAL_TERM_DISABLED_IN_M2A,1
run1,LIMITER_INACT,KSS_PAIRED_DIAG,.000000000000000,.000000000000000,.000000000000000,RS_per_S,1,.000000000000000,PAIRED_NUMERICAL_TERM_DISABLED_IN_M2A,1
run1,LIMITER_INACT,KSS_TOTAL,.6858323531239841,.4055824892238626,1.750023333333333,RS_per_S,1,.5551115123125783E-16,PHYSICAL_DERIVATIVE,1
run1,RATIO_POS,KSS_STORAGE,.000000000000000,.000000000000000,.000000000000000,RS_per_S,1,.000000000000000,PHYSICAL_DERIVATIVE,1
run1,RATIO_POS,KSS_STRAIN_SAT,.000000000000000,.000000000000000,.000000000000000,RS_per_S,1,.000000000000000,PHYSICAL_DERIVATIVE,1
run1,RATIO_POS,KSS_MOBILITY,.6019141081965487,.2611470061171715,.000000000000000,RS_per_S,1,.000000000000000,PHYSICAL_DERIVATIVE,1
run1,RATIO_POS,KSS_PC_FIRST,.9376095853724589E-02,.3997980705265902E-02,-.8673617379884035E-18,RS_per_S,1,.000000000000000,PHYSICAL_DERIVATIVE,1
run1,RATIO_POS,KSS_PC_SECOND,.8322469183112487E-19,.3882484729475257E-19,.000000000000000,RS_per_S,1,.000000000000000,PHYSICAL_DERIVATIVE,1
run1,RATIO_POS,KSS_PAIRED_CAPACITY,.000000000000000,.000000000000000,.000000000000000,RS_per_S,1,.000000000000000,PAIRED_NUMERICAL_TERM_DISABLED_IN_M2A,1
run1,RATIO_POS,KSS_PAIRED_ANCHOR,.000000000000000,.000000000000000,.000000000000000,RS_per_S,1,.000000000000000,PAIRED_NUMERICAL_TERM_DISABLED_IN_M2A,1
run1,RATIO_POS,KSS_PAIRED_DIAG,.000000000000000,.000000000000000,.000000000000000,RS_per_S,1,.000000000000000,PAIRED_NUMERICAL_TERM_DISABLED_IN_M2A,1
run1,RATIO_POS,KSS_TOTAL,.6019871301111882,.2651449868224368,.000000000000000,RS_per_S,1,.1387778780781446E-16,PHYSICAL_DERIVATIVE,1
run1,RATIO_NEG,KSS_STORAGE,.2698458740408366E-16,.1079383496163347E-16,.9714451465470118E-16,RS_per_S,1,.000000000000000,PHYSICAL_DERIVATIVE,1
run1,RATIO_NEG,KSS_STRAIN_SAT,.3597944987211157E-21,.1439177994884463E-21,.1295260195396016E-20,RS_per_S,1,.000000000000000,PHYSICAL_DERIVATIVE,1
run1,RATIO_NEG,KSS_MOBILITY,.3611484649179287,.1566882036703026,.000000000000000,RS_per_S,1,.000000000000000,PHYSICAL_DERIVATIVE,1
run1,RATIO_NEG,KSS_PC_FIRST,.2567749600207802E-02,.1094892108372272E-02,-.4336808689942018E-18,RS_per_S,1,.000000000000000,PHYSICAL_DERIVATIVE,1
run1,RATIO_NEG,KSS_PC_SECOND,.9496675220275607E-20,.4430259303131116E-20,.2350988701644575E-36,RS_per_S,1,.000000000000000,PHYSICAL_DERIVATIVE,1
run1,RATIO_NEG,KSS_PAIRED_CAPACITY,.000000000000000,.000000000000000,.000000000000000,RS_per_S,1,.000000000000000,PAIRED_NUMERICAL_TERM_DISABLED_IN_M2A,1
run1,RATIO_NEG,KSS_PAIRED_ANCHOR,.000000000000000,.000000000000000,.000000000000000,RS_per_S,1,.000000000000000,PAIRED_NUMERICAL_TERM_DISABLED_IN_M2A,1
run1,RATIO_NEG,KSS_PAIRED_DIAG,.000000000000000,.000000000000000,.000000000000000,RS_per_S,1,.000000000000000,PAIRED_NUMERICAL_TERM_DISABLED_IN_M2A,1
run1,RATIO_NEG,KSS_TOTAL,.3611575930955706,.1577830957786746,.000000000000000,RS_per_S,1,.2775557561562891E-16,PHYSICAL_DERIVATIVE,1
run1,BETA_MIN_POS,KSS_STORAGE,.4861111111111111E-01,.1944444444444445E-01,.1750000000000000,RS_per_S,1,.000000000000000,PHYSICAL_DERIVATIVE,1
run1,BETA_MIN_POS,KSS_STRAIN_SAT,.6481481481481483E-06,.2592592592592594E-06,.2333333333333334E-05,RS_per_S,1,.000000000000000,PHYSICAL_DERIVATIVE,1
run1,BETA_MIN_POS,KSS_MOBILITY,1.083445394753787,.4700646110109084,.1110223024625157E-15,RS_per_S,1,.000000000000000,PHYSICAL_DERIVATIVE,1
run1,BETA_MIN_POS,KSS_PC_FIRST,.6536423356905553E-01,.2787140284191616E-01,-.1040834085586084E-16,RS_per_S,1,.000000000000000,PHYSICAL_DERIVATIVE,1
run1,BETA_MIN_POS,KSS_PC_SECOND,.1933967072731147E-17,.9022079219497367E-18,.000000000000000,RS_per_S,1,.000000000000000,PHYSICAL_DERIVATIVE,1
run1,BETA_MIN_POS,KSS_PAIRED_CAPACITY,.000000000000000,.000000000000000,.000000000000000,RS_per_S,1,.000000000000000,PAIRED_NUMERICAL_TERM_DISABLED_IN_M2A,1
run1,BETA_MIN_POS,KSS_PAIRED_ANCHOR,.000000000000000,.000000000000000,.000000000000000,RS_per_S,1,.000000000000000,PAIRED_NUMERICAL_TERM_DISABLED_IN_M2A,1
run1,BETA_MIN_POS,KSS_PAIRED_DIAG,.000000000000000,.000000000000000,.000000000000000,RS_per_S,1,.000000000000000,PAIRED_NUMERICAL_TERM_DISABLED_IN_M2A,1
run1,BETA_MIN_POS,KSS_TOTAL,1.087749633616062,.5173807175565274,.1750023333333333,RS_per_S,1,.1110223024625157E-15,PHYSICAL_DERIVATIVE,1
run1,BETA_MIN_NEG,KSS_STORAGE,.4861111111111111E-01,.1944444444444445E-01,.1750000000000000,RS_per_S,1,.000000000000000,PHYSICAL_DERIVATIVE,1
run1,BETA_MIN_NEG,KSS_STRAIN_SAT,.6481481481481483E-06,.2592592592592594E-06,.2333333333333334E-05,RS_per_S,1,.000000000000000,PHYSICAL_DERIVATIVE,1
run1,BETA_MIN_NEG,KSS_MOBILITY,.6019141081965487,.2611470061171715,.000000000000000,RS_per_S,1,.000000000000000,PHYSICAL_DERIVATIVE,1
run1,BETA_MIN_NEG,KSS_PC_FIRST,.9376095853724589E-02,.3997980705265902E-02,-.8673617379884035E-18,RS_per_S,1,.000000000000000,PHYSICAL_DERIVATIVE,1
run1,BETA_MIN_NEG,KSS_PC_SECOND,.8322469183112487E-19,.3882484729475257E-19,.000000000000000,RS_per_S,1,.000000000000000,PHYSICAL_DERIVATIVE,1
run1,BETA_MIN_NEG,KSS_PAIRED_CAPACITY,.000000000000000,.000000000000000,.000000000000000,RS_per_S,1,.000000000000000,PAIRED_NUMERICAL_TERM_DISABLED_IN_M2A,1
run1,BETA_MIN_NEG,KSS_PAIRED_ANCHOR,.000000000000000,.000000000000000,.000000000000000,RS_per_S,1,.000000000000000,PAIRED_NUMERICAL_TERM_DISABLED_IN_M2A,1
run1,BETA_MIN_NEG,KSS_PAIRED_DIAG,.000000000000000,.000000000000000,.000000000000000,RS_per_S,1,.000000000000000,PAIRED_NUMERICAL_TERM_DISABLED_IN_M2A,1
run1,BETA_MIN_NEG,KSS_TOTAL,.6042684053538792,.2845896905261405,.1750023333333333,RS_per_S,1,.2775557561562891E-16,PHYSICAL_DERIVATIVE,1
run1,FINAL_CLIP_LOW,KSS_STORAGE,.000000000000000,.000000000000000,.000000000000000,RS_per_S,1,.000000000000000,PHYSICAL_DERIVATIVE,1
run1,FINAL_CLIP_LOW,KSS_STRAIN_SAT,.000000000000000,.000000000000000,.000000000000000,RS_per_S,1,.000000000000000,PHYSICAL_DERIVATIVE,1
run1,FINAL_CLIP_LOW,KSS_MOBILITY,.000000000000000,.000000000000000,.000000000000000,RS_per_S,1,.000000000000000,PHYSICAL_DERIVATIVE,1
run1,FINAL_CLIP_LOW,KSS_PC_FIRST,.000000000000000,.000000000000000,.000000000000000,RS_per_S,1,.000000000000000,PHYSICAL_DERIVATIVE,1
run1,FINAL_CLIP_LOW,KSS_PC_SECOND,.000000000000000,.000000000000000,.000000000000000,RS_per_S,1,.000000000000000,PHYSICAL_DERIVATIVE,1
run1,FINAL_CLIP_LOW,KSS_PAIRED_CAPACITY,.000000000000000,.000000000000000,.000000000000000,RS_per_S,1,.000000000000000,PAIRED_NUMERICAL_TERM_DISABLED_IN_M2A,1
run1,FINAL_CLIP_LOW,KSS_PAIRED_ANCHOR,.000000000000000,.000000000000000,.000000000000000,RS_per_S,1,.000000000000000,PAIRED_NUMERICAL_TERM_DISABLED_IN_M2A,1
run1,FINAL_CLIP_LOW,KSS_PAIRED_DIAG,.000000000000000,.000000000000000,.000000000000000,RS_per_S,1,.000000000000000,PAIRED_NUMERICAL_TERM_DISABLED_IN_M2A,1
run1,FINAL_CLIP_LOW,KSS_TOTAL,.000000000000000,.000000000000000,.000000000000000,RS_per_S,1,.000000000000000,PHYSICAL_DERIVATIVE,1
run1,FINAL_CLIP_HIGH,KSS_STORAGE,.000000000000000,.000000000000000,.000000000000000,RS_per_S,1,.000000000000000,PHYSICAL_DERIVATIVE,1
run1,FINAL_CLIP_HIGH,KSS_STRAIN_SAT,.000000000000000,.000000000000000,.000000000000000,RS_per_S,1,.000000000000000,PHYSICAL_DERIVATIVE,1
run1,FINAL_CLIP_HIGH,KSS_MOBILITY,.000000000000000,.000000000000000,.000000000000000,RS_per_S,1,.000000000000000,PHYSICAL_DERIVATIVE,1
run1,FINAL_CLIP_HIGH,KSS_PC_FIRST,.000000000000000,.000000000000000,.000000000000000,RS_per_S,1,.000000000000000,PHYSICAL_DERIVATIVE,1
run1,FINAL_CLIP_HIGH,KSS_PC_SECOND,.000000000000000,.000000000000000,.000000000000000,RS_per_S,1,.000000000000000,PHYSICAL_DERIVATIVE,1
run1,FINAL_CLIP_HIGH,KSS_PAIRED_CAPACITY,.000000000000000,.000000000000000,.000000000000000,RS_per_S,1,.000000000000000,PAIRED_NUMERICAL_TERM_DISABLED_IN_M2A,1
run1,FINAL_CLIP_HIGH,KSS_PAIRED_ANCHOR,.000000000000000,.000000000000000,.000000000000000,RS_per_S,1,.000000000000000,PAIRED_NUMERICAL_TERM_DISABLED_IN_M2A,1
run1,FINAL_CLIP_HIGH,KSS_PAIRED_DIAG,.000000000000000,.000000000000000,.000000000000000,RS_per_S,1,.000000000000000,PAIRED_NUMERICAL_TERM_DISABLED_IN_M2A,1
run1,FINAL_CLIP_HIGH,KSS_TOTAL,.000000000000000,.000000000000000,.000000000000000,RS_per_S,1,.000000000000000,PHYSICAL_DERIVATIVE,1
run1,SE_CLIP_LOW,KSS_STORAGE,.4861111111111110,.1944444444444444,1.750000000000000,RS_per_S,1,.000000000000000,PHYSICAL_DERIVATIVE,1
run1,SE_CLIP_LOW,KSS_STRAIN_SAT,.6481481481481484E-05,.2592592592592594E-05,.2333333333333334E-04,RS_per_S,1,.000000000000000,PHYSICAL_DERIVATIVE,1
run1,SE_CLIP_LOW,KSS_MOBILITY,.000000000000000,.000000000000000,.000000000000000,RS_per_S,1,.000000000000000,PHYSICAL_DERIVATIVE,1
run1,SE_CLIP_LOW,KSS_PC_FIRST,.000000000000000,.000000000000000,.000000000000000,RS_per_S,1,.000000000000000,PHYSICAL_DERIVATIVE,1
run1,SE_CLIP_LOW,KSS_PC_SECOND,.000000000000000,.000000000000000,.000000000000000,RS_per_S,1,.000000000000000,PHYSICAL_DERIVATIVE,1
run1,SE_CLIP_LOW,KSS_PAIRED_CAPACITY,.000000000000000,.000000000000000,.000000000000000,RS_per_S,1,.000000000000000,PAIRED_NUMERICAL_TERM_DISABLED_IN_M2A,1
run1,SE_CLIP_LOW,KSS_PAIRED_ANCHOR,.000000000000000,.000000000000000,.000000000000000,RS_per_S,1,.000000000000000,PAIRED_NUMERICAL_TERM_DISABLED_IN_M2A,1
run1,SE_CLIP_LOW,KSS_PAIRED_DIAG,.000000000000000,.000000000000000,.000000000000000,RS_per_S,1,.000000000000000,PAIRED_NUMERICAL_TERM_DISABLED_IN_M2A,1
run1,SE_CLIP_LOW,KSS_TOTAL,.4861175925925925,.1944470370370370,1.750023333333333,RS_per_S,1,.1387778780781446E-16,PHYSICAL_DERIVATIVE,1
run1,SE_CLIP_HIGH,KSS_STORAGE,.4861111111111110,.1944444444444444,1.750000000000000,RS_per_S,1,.000000000000000,PHYSICAL_DERIVATIVE,1
run1,SE_CLIP_HIGH,KSS_STRAIN_SAT,.6481481481481484E-05,.2592592592592594E-05,.2333333333333334E-04,RS_per_S,1,.000000000000000,PHYSICAL_DERIVATIVE,1
run1,SE_CLIP_HIGH,KSS_MOBILITY,.000000000000000,.000000000000000,.000000000000000,RS_per_S,1,.000000000000000,PHYSICAL_DERIVATIVE,1
run1,SE_CLIP_HIGH,KSS_PC_FIRST,.000000000000000,.000000000000000,.000000000000000,RS_per_S,1,.000000000000000,PHYSICAL_DERIVATIVE,1
run1,SE_CLIP_HIGH,KSS_PC_SECOND,.000000000000000,.000000000000000,.000000000000000,RS_per_S,1,.000000000000000,PHYSICAL_DERIVATIVE,1
run1,SE_CLIP_HIGH,KSS_PAIRED_CAPACITY,.000000000000000,.000000000000000,.000000000000000,RS_per_S,1,.000000000000000,PAIRED_NUMERICAL_TERM_DISABLED_IN_M2A,1
run1,SE_CLIP_HIGH,KSS_PAIRED_ANCHOR,.000000000000000,.000000000000000,.000000000000000,RS_per_S,1,.000000000000000,PAIRED_NUMERICAL_TERM_DISABLED_IN_M2A,1
run1,SE_CLIP_HIGH,KSS_PAIRED_DIAG,.000000000000000,.000000000000000,.000000000000000,RS_per_S,1,.000000000000000,PAIRED_NUMERICAL_TERM_DISABLED_IN_M2A,1
run1,SE_CLIP_HIGH,KSS_TOTAL,.4861175925925925,.1944470370370370,1.750023333333333,RS_per_S,1,.1387778780781446E-16,PHYSICAL_DERIVATIVE,1
